page_id,page_title,view_count,protection_level,protection_expiry,page_length,number_page_watchers,number_page_watchers_recent_edits,number_of_redirects,page_views_past_30days,total_edits,recent_number_of_edits,number_distinct_authors,number_categories
340663,Paul Reiser,4433720,unprotected,,22427,76,9,4,80115,864,1,1,20
667049,Meg Tilly,3648535,unprotected,,24897,81,12,0,55019,962,8,4,26
2736939,Random number generation,3155183,unprotected,,33119,244,20,14,46350,946,7,6,15
39068821,Paige Howard,3151197,unprotected,,4265,34,8,0,26392,60,0,0,6
41414319,Sophia Amoruso,2885266,unprotected,,18081,Fewer than 30 watchers,,0,10757,193,0,0,15
863116,Extreme points of Earth,2430989,unprotected,,48,332,32,0,6331,1608,0,0,2
2023424,Gewehr 98,2165486,unprotected,,60700,96,14,23,24945,1373,3,3,14
45646371,Inuyashiki,1997393,unprotected,,30360,36,10,3,40655,364,1,1,6
3603676,Tire code,1928672,unprotected,,34557,94,9,15,10048,548,0,0,8
1180662,Pocono Mountains,1555831,unprotected,,62439,87,6,6,14800,1131,0,0,10
4253041,MIL-STD-810,1437184,unprotected,,23099,81,7,4,13295,480,3,2,4
3125556,Mikael Persbrandt,1318704,unprotected,,13130,Fewer than 30 watchers,,0,19042,396,0,0,24
77861,Tatooine,1237275,unprotected,,28763,110,13,15,9806,1149,2,2,9
540932,Pontiac Bonneville,1213082,unprotected,,69068,70,12,1,14564,1030,1,1,10
1381306,Sweat gland,1205719,unprotected,,43915,119,10,14,9331,573,3,3,15
37720592,Kernel (image processing),1204279,unprotected,,13510,70,3,0,14109,137,4,2,
3057722,Parademon,1074577,unprotected,,11434,33,10,3,4351,375,3,1,5
2079455,Royal blue,950805,unprotected,,8568,51,5,4,9407,493,1,1,5
9966,Elliptic curve cryptography,938631,unprotected,,58,161,27,0,3477,1,0,0,
46311249,Make It Pop,835354,unprotected,,21950,Fewer than 30 watchers,,2,2153,1146,0,0,3
2196839,Tony Allen (musician),680118,unprotected,,21423,38,5,1,7561,413,4,3,28
432943,Baths of Caracalla,677207,unprotected,,33142,88,10,5,6255,532,2,2,15
6132954,Gashadokuro,655597,unprotected,,5876,59,13,0,16020,220,1,1,11
516027,Kirby's Dream Land,651636,unprotected,,26569,61,9,7,6861,841,6,4,12
36190335,House of Xtravaganza,613249,unprotected,,41862,Fewer than 30 watchers,,0,7651,301,1,1,5
2984941,Pillar (car),608710,unprotected,,9241,56,6,14,5575,193,0,0,
18483349,Diligence,608239,unprotected,,7189,87,7,11,6521,328,1,1,3
6371,Centaurus,608228,unprotected,,23426,116,12,6,7001,596,0,0,7
1964809,List of lakes of Canada,554314,unprotected,,40949,37,6,9,5544,560,0,0,5
155625,Penetrance,528072,unprotected,,8209,48,6,6,3082,189,0,0,3
2931650,G.I. Joe: A Real American Hero (1985 TV series),526053,unprotected,,108,111,7,0,5807,1,0,0,
5329631,Aaron Dismuke,496251,unprotected,,33117,44,3,3,8494,910,5,3,9
638295,Snufkin,481509,unprotected,,6334,Fewer than 30 watchers,,1,6424,271,0,0,4
2486084,Syllabic consonant,468511,unprotected,,16247,57,10,10,5461,298,0,0,25
685106,Betty Dodson,465302,unprotected,,10947,53,5,10,4501,303,0,0,16
2128025,Croft (land),461908,unprotected,,5309,44,5,15,5033,189,2,2,10
2255820,Transthoracic echocardiogram,446257,unprotected,,24378,Fewer than 30 watchers,,0,3617,156,1,1,2
2514063,Phil Vickery (chef),442109,unprotected,,5048,Fewer than 30 watchers,,0,19338,193,0,0,5
4701050,University (The Sopranos),424786,unprotected,,9894,Fewer than 30 watchers,,1,9958,263,0,0,7
41563382,Shane Haste,418257,unprotected,,93,Fewer than 30 watchers,,0,211,6,0,0,
481608,Sikorsky CH-37 Mojave,417715,unprotected,,11295,43,10,11,6567,206,0,0,6
48517301,Now (The Walking Dead),383995,unprotected,,8357,Fewer than 30 watchers,,1,2307,85,0,0,6
1929224,Culture of Afghanistan,370673,unprotected,,30676,145,2,7,7983,1694,10,5,5
3235466,Wadie Haddad,363012,unprotected,,7292,66,5,7,4060,336,0,0,14
43406039,Jaipur Pink Panthers,346643,unprotected,,19497,Fewer than 30 watchers,,1,2038,349,2,1,5
1251808,Master Order,330195,unprotected,,141,Fewer than 30 watchers,,0,1160,87,0,0,
4455796,Lateral inhibition,319444,unprotected,,18681,38,3,1,1421,142,0,0,
13582676,Bottle service,308569,unprotected,,3621,Fewer than 30 watchers,,3,2391,174,0,0,5
2680144,Leopardus,302344,unprotected,,19246,39,5,1,3562,328,8,4,4
14418222,Benita Hume,302174,unprotected,,5826,Fewer than 30 watchers,,0,2835,190,0,0,15
4095564,Lucas di Grassi,297115,unprotected,,151571,30,5,1,7222,981,5,3,13
1345299,Ted King (actor),294049,unprotected,,9573,Fewer than 30 watchers,,2,15837,307,11,3,14
505189,Continuation,291571,unprotected,,27847,126,10,7,2636,548,0,0,4
29642103,Kaalo,283120,unprotected,,5793,Fewer than 30 watchers,,0,4394,128,1,1,5
1819808,Mariana Levy,279347,unprotected,,8221,Fewer than 30 watchers,,0,2341,156,0,0,8
23010508,List of Kentucky Wildcats men's basketball head coaches,268784,unprotected,,4846,Fewer than 30 watchers,,0,975,87,1,1,2
2509600,GE AC4400CW,266054,unprotected,,10377,Fewer than 30 watchers,,3,4655,289,10,6,4
68660,Amon,260795,unprotected,,2907,Fewer than 30 watchers,,1,1904,293,1,1,
4707718,Gaya district,260613,unprotected,,17586,Fewer than 30 watchers,,2,2740,385,3,3,14
821919,Feck,254611,unprotected,,6260,35,3,4,2850,431,3,3,4
1608441,Aspect (geography),253200,unprotected,,7582,Fewer than 30 watchers,,2,1784,161,2,1,3
9853551,Accelerated idioventricular rhythm,251535,unprotected,,6613,Fewer than 30 watchers,,1,2231,76,0,0,5
10566622,Coinage Act of 1965,243808,unprotected,,44863,44,8,1,2168,308,1,1,7
2382960,List of Chief Ministers of Sikkim,242108,unprotected,,132,Fewer than 30 watchers,,0,297,2,0,0,3
10805870,Greenland in World War II,234286,unprotected,,21864,33,3,6,2054,344,1,1,10
1007767,DeFord Bailey,233495,unprotected,,20907,35,7,1,2147,270,0,0,19
4391160,Libby Fox,232416,unprotected,,26799,Fewer than 30 watchers,,1,948,931,0,0,6
17908749,Beluga,228591,unprotected,,793,47,2,3,867,125,0,0,
1481657,We Were Soldiers Once… And Young,226847,unprotected,,65,Fewer than 30 watchers,,0,1155,1,0,0,
24424777,Jerod Haase,224217,unprotected,,17902,Fewer than 30 watchers,,3,641,485,0,0,8
278429,Antenna (ZZ Top album),223590,unprotected,,6933,Fewer than 30 watchers,,8,21286,173,5,2,25
2884143,Martin Gottfried Weiss,222843,unprotected,,10950,Fewer than 30 watchers,,2,2900,192,1,1,13
16160256,Saamana,221092,unprotected,,4842,Fewer than 30 watchers,,5,2119,123,2,2,6
3741868,SCSI connector,217011,unprotected,,16688,32,2,7,1858,198,1,1,6
5444617,Military of Montenegro,211451,unprotected,,57,Fewer than 30 watchers,,0,622,1,0,0,
7716291,Type 4 Chi-To,209582,unprotected,,56,Fewer than 30 watchers,,0,1291,1,0,0,
3543585,Joule-second,207744,unprotected,,3097,Fewer than 30 watchers,,4,2545,111,0,0,
1244933,Hydantoin,206927,unprotected,,8257,Fewer than 30 watchers,,8,1503,156,0,0,9
39439111,Alistair Brammer,205964,unprotected,,7131,Fewer than 30 watchers,,0,2524,92,1,1,10
1352792,Sj-sound,205834,unprotected,,11369,45,5,16,2960,303,6,4,9
759885,Darrell Armstrong,202412,unprotected,,19602,Fewer than 30 watchers,,1,2470,297,0,0,4
38819129,Ikman.lk,202398,unprotected,,5675,Fewer than 30 watchers,,2,11238,165,1,1,7
406770,Omake,201365,unprotected,,5215,41,There may or may not be a watching user visiting recent edits,1,2396,144,0,0,6
7988780,"Louis Auguste, Duke of Maine",193161,unprotected,,18069,Fewer than 30 watchers,,7,3262,317,0,0,15
758092,Galore (The Cure album),192253,unprotected,,5281,Fewer than 30 watchers,,1,2568,136,0,0,5
15071142,List of city nicknames in Texas,190858,unprotected,,36524,Fewer than 30 watchers,,1,1461,551,3,3,23
7716042,Type 89 I-Go,189984,unprotected,,55,33,9,0,941,1,0,0,
21406513,BIS,187481,unprotected,,3172,61,3,8,997,223,3,2,
1696562,City Boy (band),182824,unprotected,,15052,Fewer than 30 watchers,,2,2989,284,5,3,13
35992681,Hyperestrogenism,179022,unprotected,,4625,Fewer than 30 watchers,,2,1504,50,1,1,10
1018662,Kadomatsu,175932,unprotected,,4056,Fewer than 30 watchers,,3,765,128,0,0,8
41659290,Muamer Tanković,173897,unprotected,,29398,Fewer than 30 watchers,,1,2293,541,7,5,9
2870161,Bell's spaceship paradox,168570,unprotected,,34445,63,7,1,1586,663,0,0,5
3632157,List of Lexx episodes,165686,unprotected,,56258,32,8,50,1245,352,0,0,7
1166477,Bubble Yum,164953,unprotected,,2403,Fewer than 30 watchers,,2,1568,232,0,0,
3105023,Offshore investment,164676,unprotected,,14596,Fewer than 30 watchers,,1,783,151,0,0,8
41407242,Billie Sutton,158727,unprotected,,11125,Fewer than 30 watchers,,0,1860,108,0,0,4
908505,In Which Annie Gives It Those Ones,155220,unprotected,,7294,Fewer than 30 watchers,,1,2273,134,0,0,7
245060,List of Roman cognomina,152927,unprotected,,35187,Fewer than 30 watchers,,0,2312,485,1,1,
3360224,Dougga,151833,unprotected,,89974,43,6,5,1372,318,1,1,27
38203019,Kate Dillon Levin,146270,unprotected,,22153,Fewer than 30 watchers,,0,1273,136,14,8,6
6247647,SM U-1 (Germany),144470,unprotected,,8146,Fewer than 30 watchers,,10,2534,146,0,0,5
4970011,"Ghum, West Bengal",144334,unprotected,,18250,Fewer than 30 watchers,,2,790,175,0,0,11
2626808,Masha Bruskina,141900,unprotected,,9185,Fewer than 30 watchers,,0,3350,188,1,1,14
22071969,The Human Factor (1979 film),140668,unprotected,,6869,Fewer than 30 watchers,,0,1653,171,1,1,5
3168708,Alvechurch F.C.,139097,unprotected,,23536,Fewer than 30 watchers,,4,1451,403,7,1,4
32291785,Quiet Birdmen,138920,unprotected,,20051,Fewer than 30 watchers,,5,1742,246,0,0,6
920330,Tupaia (navigator),138077,unprotected,,14264,Fewer than 30 watchers,,4,1735,164,2,2,16
3401414,Aeronwy Thomas,136515,unprotected,,6672,Fewer than 30 watchers,,2,3227,171,2,2,19
2710041,Utopia Banished,133608,unprotected,,6734,Fewer than 30 watchers,,1,1557,150,0,0,10
27334151,Rail transport in Vietnam,132978,unprotected,,66502,Fewer than 30 watchers,,3,1030,275,0,0,20
383777,Tom Henke,132473,unprotected,,18762,Fewer than 30 watchers,,0,2442,299,0,0,3
20580409,Lacedaemon (mythology),130718,unprotected,,2963,Fewer than 30 watchers,,0,1640,66,0,0,3
967654,Bottling line,130547,unprotected,,6460,Fewer than 30 watchers,,4,541,88,0,0,
2888633,Margraviate of Baden,130317,unprotected,,13315,109,5,13,1800,155,3,3,7
49085710,Brandon Semenuk,128930,unprotected,,6726,Fewer than 30 watchers,,0,1363,186,0,0,4
889697,U.S. Route 98,126122,unprotected,,14395,Fewer than 30 watchers,,29,1383,230,3,2,13
17057007,Jay Simpson (actor),125295,unprotected,,0,Fewer than 30 watchers,,0,0,,,,
49423435,Dear Uge,121759,unprotected,,8062,Fewer than 30 watchers,,1,1058,423,5,2,6
9937068,Mirrored,121332,unprotected,,7839,Fewer than 30 watchers,,3,998,237,0,0,5
10293988,Mejlis of the Crimean Tatar People,120494,unprotected,,22541,32,3,6,1861,278,1,1,12
6200269,Mix network,116570,unprotected,,14499,39,7,5,1001,88,0,0,5
996399,Lobito,115586,unprotected,,11618,Fewer than 30 watchers,,0,987,159,0,0,9
44086682,Black Comedy (TV series),115297,unprotected,,17532,Fewer than 30 watchers,,0,937,105,0,0,3
3558687,Mario Rosenstock,114750,unprotected,,6700,Fewer than 30 watchers,,0,722,246,1,1,8
15432584,Francis Alÿs,113728,unprotected,,25160,Fewer than 30 watchers,,1,727,191,0,0,24
3724576,Tom Phillips (Royal Navy officer),113527,unprotected,,27149,Fewer than 30 watchers,,3,1674,290,1,1,15
10593354,Inspector General of Police of the Ghana Police Service,113391,unprotected,,9273,Fewer than 30 watchers,,1,4297,83,2,2,5
922404,Nobuo Tobita,112765,unprotected,,24610,Fewer than 30 watchers,,2,1557,490,1,1,9
9782656,Refusal (horse),111144,unprotected,,81,Fewer than 30 watchers,,0,1154,1,0,0,
872259,"Edward Guinness, 1st Earl of Iveagh",110758,unprotected,,21786,Fewer than 30 watchers,,6,1621,240,0,0,22
6242348,British Traditional Wicca,110630,unprotected,,3352,50,8,1,1224,85,0,0,
983002,Broadcast automation,108165,unprotected,,11731,52,5,1,1135,171,0,0,9
48875845,Princess Mangkubumi,107765,unprotected,,15470,Fewer than 30 watchers,,1,2043,61,0,0,3
20919132,Fishing industry in Russia,107344,unprotected,,28195,Fewer than 30 watchers,,1,468,131,1,1,10
10022476,Athena (Marvel Comics),107252,unprotected,,22012,Fewer than 30 watchers,,0,1012,265,0,0,5
611022,Berry Islands,103552,unprotected,,5377,Fewer than 30 watchers,,17,967,115,0,0,8
13285817,Non-game,101940,unprotected,,5081,32,3,7,805,101,2,2,
23340206,Conditions (album),101874,unprotected,,16276,Fewer than 30 watchers,,2,752,234,0,0,17
1589070,Bank of Taiwan,101156,unprotected,,6999,Fewer than 30 watchers,,3,969,203,0,0,10
24659645,Canonical criticism,99177,unprotected,,13440,Fewer than 30 watchers,,5,756,100,0,0,5
14645144,Infamous Stringdusters,98222,unprotected,,57,Fewer than 30 watchers,,0,161,1,0,0,
8272226,The Last Templar,96686,unprotected,,10486,Fewer than 30 watchers,,2,975,264,1,1,2
23691162,Dolby 3D,95361,unprotected,,3401,48,8,1,456,127,0,0,2
1725253,Vasco da Gama Tower,92760,unprotected,,6344,Fewer than 30 watchers,,3,578,137,0,0,8
9651553,"Tottenham, Ontario",91946,unprotected,,1392,Fewer than 30 watchers,,1,941,98,0,0,8
127260,"Calverton, New York",91724,unprotected,,12072,Fewer than 30 watchers,,4,1017,105,3,2,8
12027400,Legal document assistant,91347,unprotected,,22738,Fewer than 30 watchers,,0,382,180,2,2,11
12667164,The Boys from County Clare,90813,unprotected,,5987,Fewer than 30 watchers,,3,807,85,0,0,3
16023751,List of Norwegian artists,90109,unprotected,,8731,Fewer than 30 watchers,,3,623,114,3,1,4
108852,"Somers, Connecticut",89607,unprotected,,16065,Fewer than 30 watchers,,5,1156,354,1,1,10
15225400,Hung Jury (album),86326,unprotected,,5273,Fewer than 30 watchers,,0,669,57,0,0,8
3209473,Ewart's sign,85968,unprotected,,2465,Fewer than 30 watchers,,1,547,33,1,1,3
32525399,Solar backpack,85058,unprotected,,5552,Fewer than 30 watchers,,0,281,71,0,0,
44406763,Sherni,84419,unprotected,,2473,Fewer than 30 watchers,,0,1195,60,0,0,9
2696802,HMNZS Te Mana (F111),84364,unprotected,,25832,Fewer than 30 watchers,,3,1167,143,1,1,6
439896,Joseph Hodges Choate,80687,unprotected,,17102,Fewer than 30 watchers,,3,913,207,0,0,28
23617167,Katie Stelmanis,80572,unprotected,,7321,Fewer than 30 watchers,,0,641,155,0,0,8
2189912,Westbury-on-Trym,79529,unprotected,,13466,Fewer than 30 watchers,,5,631,244,0,0,11
1595238,Hong Kong International Film Festival,78204,unprotected,,18653,Fewer than 30 watchers,,2,502,230,2,2,
6777458,The Best of What's Around Vol. 1,76192,unprotected,,7605,Fewer than 30 watchers,,1,708,184,0,0,6
27045697,Keli McGregor,74490,unprotected,,6191,Fewer than 30 watchers,,4,1505,91,1,1,5
5657230,José Cid,74381,unprotected,,20762,Fewer than 30 watchers,,2,508,212,0,0,15
32020129,Futurebirds,74276,unprotected,,4978,Fewer than 30 watchers,,0,1140,73,0,0,5
4652116,Credit Europe Bank,73975,unprotected,,5074,Fewer than 30 watchers,,2,465,127,0,0,5
3309716,History of merit badges (Boy Scouts of America),73974,unprotected,,39732,48,3,6,476,1074,1,1,3
8758865,Robert Zildjian,73265,unprotected,,3802,Fewer than 30 watchers,,1,550,111,0,0,4
2491816,Parfleche,73155,unprotected,,7921,Fewer than 30 watchers,,1,546,104,0,0,2
26295766,Etisalat (Sri Lanka),72971,unprotected,,6454,Fewer than 30 watchers,,3,723,306,0,0,4
7737864,Phi Delta Kappa,72911,unprotected,,4558,Fewer than 30 watchers,,6,467,138,0,0,11
7528141,Brett Dean,72652,unprotected,,24305,Fewer than 30 watchers,,0,345,157,0,0,25
1372704,Gord Martineau,72546,unprotected,,3417,Fewer than 30 watchers,,0,546,151,0,0,5
25236754,EMERK,72212,unprotected,,2125,Fewer than 30 watchers,,2,399,144,0,0,6
38438250,Extreme Rising,72132,unprotected,,16393,Fewer than 30 watchers,,3,346,284,0,0,4
10931043,Gimme Some Neck,71391,unprotected,,4925,Fewer than 30 watchers,,0,893,85,0,0,8
1376344,List of universities in Haiti,70918,unprotected,,5382,Fewer than 30 watchers,,0,366,220,4,3,2
20835115,Tom Simcox,70018,unprotected,,0,Fewer than 30 watchers,,0,0,,,,
2068773,"Luna, La Union",68932,unprotected,,15426,Fewer than 30 watchers,,0,729,167,2,2,12
4966415,Primorsko,68522,unprotected,,7603,Fewer than 30 watchers,,1,1400,133,0,0,9
17909232,Yemeni passport,68017,unprotected,,4662,Fewer than 30 watchers,,1,553,112,0,0,3
45621342,Alex Adair,67284,unprotected,,5418,Fewer than 30 watchers,,2,209,72,1,1,8
2358245,Winner Take Nothing,67150,unprotected,,7398,Fewer than 30 watchers,,0,991,76,0,0,4
5675972,Photo Production Ltd v Securicor Transport Ltd,66873,unprotected,,8533,Fewer than 30 watchers,,7,430,57,0,0,2
1971924,Order of Glory,66236,unprotected,,12850,Fewer than 30 watchers,,1,687,170,0,0,5
48426720,United States Capitol cornerstone laying,65452,unprotected,,14590,Fewer than 30 watchers,,0,405,150,0,0,4
8768984,Japanese spiny lobster,65161,unprotected,,2218,Fewer than 30 watchers,,2,590,56,0,0,7
41883805,Postal addresses in Gibraltar,65008,unprotected,,3102,Fewer than 30 watchers,,2,564,25,1,1,2
38513322,Darrell Wilson,64823,unprotected,,5431,Fewer than 30 watchers,,0,232,32,0,0,
16822167,Ngāti Mutunga,64313,unprotected,,10379,Fewer than 30 watchers,,3,1126,116,2,2,8
2920810,C5-convertase,62723,unprotected,,10840,Fewer than 30 watchers,,1,536,80,0,0,5
648042,ADE classification,62571,unprotected,,20243,32,4,3,544,154,0,0,8
11332893,Tschen La Ling,62544,unprotected,,6365,Fewer than 30 watchers,,2,710,127,0,0,3
8153427,Pa'l Mundo,62081,unprotected,,14809,Fewer than 30 watchers,,5,695,402,1,1,17
7381114,Education in Kentucky,61985,unprotected,,40814,Fewer than 30 watchers,,6,142,184,0,0,10
36632359,Varlam Liparteliani,61565,unprotected,,13447,Fewer than 30 watchers,,0,11925,232,4,4,6
2649059,1910 Tour de France,60506,unprotected,,27057,Fewer than 30 watchers,,0,355,175,0,0,8
28356622,Padmini Rout,60251,unprotected,,8490,Fewer than 30 watchers,,0,1382,116,2,2,5
27850577,Bernard McGinn (theologian),59368,unprotected,,13502,Fewer than 30 watchers,,1,436,69,0,0,24
9829108,Buyback,59346,unprotected,,638,Fewer than 30 watchers,,2,78,23,1,1,
39630312,Live at Montreux 2012,58444,unprotected,,3200,Fewer than 30 watchers,,0,922,44,2,2,11
2230291,Angelo Iachino,58378,unprotected,,8260,Fewer than 30 watchers,,0,647,101,2,1,12
40846275,Technothlon,58232,unprotected,,16424,Fewer than 30 watchers,,0,815,115,0,0,10
310053,Uar,56949,unprotected,,26,Fewer than 30 watchers,,0,447,339,0,0,
32289827,The Gravy Train,56091,unprotected,,3424,Fewer than 30 watchers,,0,616,40,0,0,2
40407644,Vivian Hoo Kah Mun,55662,unprotected,,18507,Fewer than 30 watchers,,4,3536,117,1,1,7
35767679,Ved Pratap Vaidik,54948,unprotected,,4222,Fewer than 30 watchers,,1,542,112,0,0,5
34389,Yukinobu Hoshino,54734,unprotected,,4551,Fewer than 30 watchers,,4,422,86,0,0,15
49517831,Move assignment operator,54482,unprotected,,2857,Fewer than 30 watchers,,0,577,35,0,0,
10700479,Industrial heritage,53783,unprotected,,5327,Fewer than 30 watchers,,1,299,96,0,0,5
2613318,Chad McNamara,53289,unprotected,,0,Fewer than 30 watchers,,0,0,,,,
1824796,K. Sri Dhammananda,53001,unprotected,,12305,Fewer than 30 watchers,,6,926,122,0,0,19
25235824,To Rob a Thief,52693,unprotected,,4220,Fewer than 30 watchers,,4,263,97,1,1,8
12144097,Mayfair Club,52306,unprotected,,5343,Fewer than 30 watchers,,1,572,88,0,0,
23662414,Urban Waste Water Treatment Directive,52176,unprotected,,10820,Fewer than 30 watchers,,3,159,48,0,0,5
28144534,Paula Findlay,51626,unprotected,,5844,Fewer than 30 watchers,,0,1776,109,0,0,4
47502334,Blair Brandt,51195,unprotected,,25209,Fewer than 30 watchers,,2,254,181,0,0,
2352924,National Assembly (Burundi),50986,unprotected,,5256,Fewer than 30 watchers,,2,503,65,0,0,4
40475716,David Gillespie (politician),50974,unprotected,,16404,Fewer than 30 watchers,,1,3111,96,1,1,6
24062763,Public housing estates in Kwai Chung,50955,unprotected,,40034,Fewer than 30 watchers,,11,469,186,12,1,7
11801946,Mikhail Piotrovsky,50848,unprotected,,5495,Fewer than 30 watchers,,3,360,91,0,0,18
2357704,Bluehead wrasse,50488,unprotected,,83,Fewer than 30 watchers,,0,58,1,0,0,
2341461,Dominic Dromgoole,49408,unprotected,,10746,Fewer than 30 watchers,,5,492,119,0,0,13
26077317,7.65mm Roth–Sauer,49386,unprotected,,2373,Fewer than 30 watchers,,3,482,15,0,0,
41818028,Elizabeth Anita Reddi,49385,unprotected,,3653,Fewer than 30 watchers,,0,182,56,0,0,8
35184381,List of Nostalgia Critic episodes (2012),48679,unprotected,,0,Fewer than 30 watchers,,0,0,,,,
11324325,Samuel Whitside,48196,unprotected,,20073,Fewer than 30 watchers,,1,465,304,0,0,2
28194310,Registrar of the University of Oxford,47919,unprotected,,45867,Fewer than 30 watchers,,0,99,115,0,0,8
6055852,Saintly,47883,unprotected,,10105,Fewer than 30 watchers,,0,157,92,0,0,8
14916076,Up All Night (East 17 album),47577,unprotected,,8624,Fewer than 30 watchers,,0,462,90,0,0,23
2955601,Mexcaltitán de Uribe,47413,unprotected,,6603,Fewer than 30 watchers,,5,1190,91,0,0,5
9759370,Gadolinium oxysulfide,47383,unprotected,,5950,Fewer than 30 watchers,,2,355,27,0,0,12
5707808,Banapur,47098,unprotected,,9972,Fewer than 30 watchers,,1,403,157,0,0,8
37092694,University of Bunda Mulia,46974,unprotected,,11500,Fewer than 30 watchers,,1,372,45,0,0,4
45516978,The Day Is My Enemy (song),46843,unprotected,,3886,Fewer than 30 watchers,,0,297,71,0,0,13
916850,"St Mary's College, Durham",46604,unprotected,,10540,Fewer than 30 watchers,,2,726,237,0,0,7
18998228,Telephone numbers in Andorra,46371,unprotected,,2745,Fewer than 30 watchers,,1,336,33,0,0,3
8789450,Devrukhe,46243,unprotected,,1951,Fewer than 30 watchers,,0,725,150,0,0,2
2459592,John Bly,46184,unprotected,,4763,Fewer than 30 watchers,,1,318,97,0,0,3
7377029,Delaware County Daily Times,46102,unprotected,,3222,Fewer than 30 watchers,,6,118,54,0,0,
4352243,Kita e,45782,unprotected,,19635,Fewer than 30 watchers,,5,231,146,0,0,3
8035336,Wig wag (truck braking systems),45452,unprotected,,64,Fewer than 30 watchers,,0,230,28,0,0,2
18530865,Mohamed Noor,45424,unprotected,,8859,Fewer than 30 watchers,,0,266,76,4,2,10
18857576,David Walters (swimmer),45310,unprotected,,11604,Fewer than 30 watchers,,1,1837,148,0,0,6
39178356,Volta Tour,45268,unprotected,,51862,Fewer than 30 watchers,,0,343,66,0,0,8
31693098,Capital structure substitution theory,44288,unprotected,,13998,Fewer than 30 watchers,,0,164,83,0,0,
42417116,German Whip,44266,unprotected,,8706,Fewer than 30 watchers,,0,309,56,0,0,5
18792140,"National Register of Historic Places listings in Sacramento County, California",44246,unprotected,,43365,Fewer than 30 watchers,,4,150,167,1,1,
13370334,Nandoni Dam,44049,unprotected,,3779,Fewer than 30 watchers,,1,436,54,0,0,4
580353,Fallturm Bremen,44048,unprotected,,1511,Fewer than 30 watchers,,1,489,68,0,0,2
37815274,Albert Hertzog,43594,unprotected,,35577,Fewer than 30 watchers,,0,742,115,0,0,11
21892912,"In Other Rooms, Other Wonders",43458,unprotected,,4237,Fewer than 30 watchers,,0,365,28,0,0,
44628484,George Lopez (season 4),43403,unprotected,,64,Fewer than 30 watchers,,0,7,37,0,0,
8614481,Shane Jennings,43077,unprotected,,6447,Fewer than 30 watchers,,0,247,159,0,0,6
46263710,The Disreputable History of Frankie Landau-Banks,42766,unprotected,,7664,Fewer than 30 watchers,,0,376,45,0,0,
7224529,Iain Ballamy,42609,unprotected,,14474,Fewer than 30 watchers,,0,443,242,5,4,17
23263286,Dim (album),42545,unprotected,,4682,Fewer than 30 watchers,,0,272,108,0,0,6
19358845,Enders Island,42448,unprotected,,4875,Fewer than 30 watchers,,1,1157,67,0,0,3
2265031,Cashmere High School,41737,unprotected,,16227,Fewer than 30 watchers,,1,339,334,2,2,14
7200330,Tsvi C. Nussbaum,41275,unprotected,,357,Fewer than 30 watchers,,0,49,159,0,0,
960330,George Barris (photographer),41175,unprotected,,2834,Fewer than 30 watchers,,0,225,161,0,0,6
3771692,Toy Pop,41124,unprotected,,8548,Fewer than 30 watchers,,5,396,121,0,0,6
1160658,Makio Inoue,41065,unprotected,,8909,Fewer than 30 watchers,,1,321,93,0,0,11
5622925,Toast rack,40474,unprotected,,5893,Fewer than 30 watchers,,1,301,61,0,0,
31026684,Carlos Orellana,40297,unprotected,,4992,Fewer than 30 watchers,,0,295,54,0,0,12
5317583,Rufus of Ephesus,39887,unprotected,,12017,Fewer than 30 watchers,,2,373,75,1,1,24
11907700,Maydh,39803,unprotected,,8125,Fewer than 30 watchers,,0,480,309,0,0,3
6521798,Dan Saleaumua,39753,unprotected,,7839,Fewer than 30 watchers,,0,414,117,0,0,4
10598057,Citizen Weather Observer Program,39723,unprotected,,4884,Fewer than 30 watchers,,3,326,76,0,0,5
37903493,Kollapur (Assembly constituency),39669,unprotected,,2613,Fewer than 30 watchers,,0,666,43,0,0,4
2717091,Renseneb,39604,unprotected,,4446,Fewer than 30 watchers,,0,162,59,0,0,
16895496,Chebyshev center,39259,unprotected,,8588,Fewer than 30 watchers,,1,282,58,0,0,7
20589388,Leon Ichaso,39182,unprotected,,4024,Fewer than 30 watchers,,0,408,45,1,1,23
25630,Politics of Réunion,39059,unprotected,,5674,Fewer than 30 watchers,,3,245,90,0,0,10
10388073,Termini (Rome Metro),38613,unprotected,,3897,Fewer than 30 watchers,,1,185,78,0,0,9
6299543,City Oval,38393,unprotected,,13609,Fewer than 30 watchers,,1,207,78,2,2,3
21063798,José Fedor Rey,38143,unprotected,,704,Fewer than 30 watchers,,1,427,35,0,0,2
43743263,Euan Spark,37963,unprotected,,10172,Fewer than 30 watchers,,0,586,88,1,1,5
40039079,Hwang Dong-hyuk,37558,unprotected,,9494,Fewer than 30 watchers,,0,846,47,1,1,5
36371998,EchoStar XVII,37502,unprotected,,6028,Fewer than 30 watchers,,1,237,62,0,0,
41502567,Kim Chol-man,37403,unprotected,,10922,Fewer than 30 watchers,,2,197,75,0,0,5
36549215,El Deber,37140,unprotected,,986,Fewer than 30 watchers,,1,642,20,0,0,
17943590,University of Southern California academics,37110,unprotected,,17896,Fewer than 30 watchers,,7,425,100,1,1,6
39011991,William Bruce Ellis Ranken,36756,unprotected,,7321,Fewer than 30 watchers,,0,523,119,0,0,10
25654008,Thundridge,36278,unprotected,,6927,Fewer than 30 watchers,,1,308,72,0,0,7
45487254,Vinnie Brand,36226,unprotected,,8671,Fewer than 30 watchers,,0,525,43,1,1,
11995253,Louis Delluc Prize,36199,unprotected,,24254,Fewer than 30 watchers,,4,260,136,0,0,
24571324,Guess I'm Doing Fine,36045,unprotected,,2928,Fewer than 30 watchers,,0,288,118,0,0,8
843191,Hot Potato (game show),35964,unprotected,,6985,Fewer than 30 watchers,,1,247,279,3,2,
35374720,Maurice Creek,35717,unprotected,,13486,Fewer than 30 watchers,,0,357,75,0,0,4
19152736,Bhavanga,35586,unprotected,,7430,Fewer than 30 watchers,,0,350,44,0,0,
9250083,Raghu Ramakrishnan,35422,unprotected,,3331,Fewer than 30 watchers,,0,199,48,0,0,13
25341642,Taisha-zukuri,35275,unprotected,,6546,Fewer than 30 watchers,,1,182,46,0,0,2
682842,Split the Difference,35223,unprotected,,4628,Fewer than 30 watchers,,8,254,105,0,0,11
20594585,Cromemco Dazzler,35058,unprotected,,12968,Fewer than 30 watchers,,0,218,88,0,0,
1974048,Marion Dewar,34669,unprotected,,13010,Fewer than 30 watchers,,0,214,169,0,0,7
10212088,USS Charleston (PG-51),34504,unprotected,,7178,Fewer than 30 watchers,,0,428,85,1,1,4
683979,Lost Patrol (video game),34431,unprotected,,12900,Fewer than 30 watchers,,0,338,207,2,1,9
4928189,Lucius Verginius Rufus,33979,unprotected,,4102,Fewer than 30 watchers,,2,289,79,0,0,10
28604838,(I Only Know Him) In The Dark,698,sysop, infinity,42,Fewer than 30 watchers,,0,2,15,0,0,
21294731,*NSYNC,151861,sysop, infinity,108,53,4,0,698,8,0,0,5
38192437,100 Players Who Shook The Kop,84274,sysop, infinity,44,Fewer than 30 watchers,,0,482,5,0,0,
20540800,14 MARATHA LI,660,sysop, infinity,52,Fewer than 30 watchers,,0,1,4,0,0,
21492121,1804 Squadron ATC,1352,sysop, infinity,83,Fewer than 30 watchers,,0,4,38,0,0,
39026519,1984 Sikh genocide,5082,sysop, infinity,34,60,6,0,27,5,0,0,
19028722,2006 Israel-Lebanon conflict,74619,sysop, infinity,77,1002,1001,0,289,10,0,0,3
22381820,2008 Beijing Drum Tower incident during the Olympic Games,444,sysop, infinity,47,Fewer than 30 watchers,,0,0,2,0,0,
19381355,"2008 Chatsworth, California train collision",770,sysop, infinity,45,Fewer than 30 watchers,,0,0,5,0,0,
19375895,2008 Chatsworth Metrolink collision,1023,sysop, infinity,46,Fewer than 30 watchers,,0,0,4,0,0,
19381993,2008 Summer Olympics Opening Ceremony,26357,sysop, infinity,83,53,53,0,596,3,0,0,2
19389590,2008 Summer Olympics medal count,3560,sysop, infinity,46,71,71,0,490,3,0,0,
23502197,2009 Honduran crisis,651,sysop, infinity,49,Fewer than 30 watchers,,0,0,5,0,0,
21435090,2009 Tampa Bay Devil Rays season,864,sysop, infinity,41,Fewer than 30 watchers,,0,2,13,0,0,
27579675,2010 Cumbria Shootings,309,sysop, infinity,31,Fewer than 30 watchers,,0,12,14,0,0,
24230015,2010 Tampa Bay Devil Rays season,590,sysop, infinity,40,Fewer than 30 watchers,,0,0,14,0,0,
31858060,2011 MotoGP Season,504,sysop, infinity,54,Fewer than 30 watchers,,0,0,103,0,0,
34484872,2012 MotoGP Season,2400,sysop, infinity,54,Fewer than 30 watchers,,0,10,2,0,0,
35145673,2012 Stanley Cup Final,4888,sysop, infinity,37,Fewer than 30 watchers,,0,16,3,0,0,
39323115,2013 Stanley Cup Final,6154,sysop, infinity,69,Fewer than 30 watchers,,0,4,2,0,0,
39323148,2013 Stanley Cup finals,1433,sysop, infinity,69,Fewer than 30 watchers,,0,2,2,0,0,2
42486163,2014 Stanley Cup Final,8727,sysop, infinity,69,Fewer than 30 watchers,,0,10,3,0,0,
42486165,2014 Stanley Cup finals,851,sysop, infinity,69,Fewer than 30 watchers,,0,0,3,0,0,2
46347018,2015 Semenyih helicopter crash,4619,sysop, infinity,109,Fewer than 30 watchers,,0,3,53,0,0,3
46633275,2015 Stanley Cup Final,4571,sysop, infinity,69,Fewer than 30 watchers,,0,1,2,0,0,
46633273,2015 Stanley Cup finals,1238,sysop, infinity,69,Fewer than 30 watchers,,0,0,2,0,0,2
28604838,(I Only Know Him) In The Dark,698,sysop, infinity,42,Fewer than 30 watchers,,0,2,15,0,0,
21294731,*NSYNC,151861,sysop, infinity,108,53,4,0,698,8,0,0,5
38192437,100 Players Who Shook The Kop,84274,sysop, infinity,44,Fewer than 30 watchers,,0,482,5,0,0,
20540800,14 MARATHA LI,660,sysop, infinity,52,Fewer than 30 watchers,,0,1,4,0,0,
21492121,1804 Squadron ATC,1352,sysop, infinity,83,Fewer than 30 watchers,,0,4,38,0,0,
39026519,1984 Sikh genocide,5082,sysop, infinity,34,60,6,0,27,5,0,0,
19028722,2006 Israel-Lebanon conflict,74619,sysop, infinity,77,1002,1001,0,289,10,0,0,3
22381820,2008 Beijing Drum Tower incident during the Olympic Games,444,sysop, infinity,47,Fewer than 30 watchers,,0,0,2,0,0,
19381355,"2008 Chatsworth, California train collision",770,sysop, infinity,45,Fewer than 30 watchers,,0,0,5,0,0,
19375895,2008 Chatsworth Metrolink collision,1023,sysop, infinity,46,Fewer than 30 watchers,,0,0,4,0,0,
19381993,2008 Summer Olympics Opening Ceremony,26357,sysop, infinity,83,53,53,0,596,3,0,0,2
19389590,2008 Summer Olympics medal count,3560,sysop, infinity,46,71,71,0,490,3,0,0,
23502197,2009 Honduran crisis,651,sysop, infinity,49,Fewer than 30 watchers,,0,0,5,0,0,
21435090,2009 Tampa Bay Devil Rays season,864,sysop, infinity,41,Fewer than 30 watchers,,0,2,13,0,0,
27579675,2010 Cumbria Shootings,309,sysop, infinity,31,Fewer than 30 watchers,,0,12,14,0,0,
24230015,2010 Tampa Bay Devil Rays season,590,sysop, infinity,40,Fewer than 30 watchers,,0,0,14,0,0,
31858060,2011 MotoGP Season,504,sysop, infinity,54,Fewer than 30 watchers,,0,0,103,0,0,
34484872,2012 MotoGP Season,2400,sysop, infinity,54,Fewer than 30 watchers,,0,10,2,0,0,
35145673,2012 Stanley Cup Final,4888,sysop, infinity,37,Fewer than 30 watchers,,0,16,3,0,0,
39323115,2013 Stanley Cup Final,6154,sysop, infinity,69,Fewer than 30 watchers,,0,4,2,0,0,
39323148,2013 Stanley Cup finals,1433,sysop, infinity,69,Fewer than 30 watchers,,0,2,2,0,0,2
42486163,2014 Stanley Cup Final,8727,sysop, infinity,69,Fewer than 30 watchers,,0,10,3,0,0,
42486165,2014 Stanley Cup finals,851,sysop, infinity,69,Fewer than 30 watchers,,0,0,3,0,0,2
46347018,2015 Semenyih helicopter crash,4619,sysop, infinity,109,Fewer than 30 watchers,,0,3,53,0,0,3
46633275,2015 Stanley Cup Final,4571,sysop, infinity,69,Fewer than 30 watchers,,0,1,2,0,0,
46633273,2015 Stanley Cup finals,1238,sysop, infinity,69,Fewer than 30 watchers,,0,0,2,0,0,2
28604838,(I Only Know Him) In The Dark,698,sysop, infinity,42,Fewer than 30 watchers,,0,2,15,0,0,
21294731,*NSYNC,151861,sysop, infinity,108,53,4,0,698,8,0,0,5
38192437,100 Players Who Shook The Kop,84274,sysop, infinity,44,Fewer than 30 watchers,,0,482,5,0,0,
20540800,14 MARATHA LI,660,sysop, infinity,52,Fewer than 30 watchers,,0,1,4,0,0,
21492121,1804 Squadron ATC,1352,sysop, infinity,83,Fewer than 30 watchers,,0,4,38,0,0,
39026519,1984 Sikh genocide,5082,sysop, infinity,34,60,6,0,27,5,0,0,
19028722,2006 Israel-Lebanon conflict,74619,sysop, infinity,77,1002,1001,0,289,10,0,0,3
22381820,2008 Beijing Drum Tower incident during the Olympic Games,444,sysop, infinity,47,Fewer than 30 watchers,,0,0,2,0,0,
19381355,"2008 Chatsworth, California train collision",770,sysop, infinity,45,Fewer than 30 watchers,,0,0,5,0,0,
19375895,2008 Chatsworth Metrolink collision,1023,sysop, infinity,46,Fewer than 30 watchers,,0,0,4,0,0,
19381993,2008 Summer Olympics Opening Ceremony,26357,sysop, infinity,83,53,53,0,596,3,0,0,2
19389590,2008 Summer Olympics medal count,3560,sysop, infinity,46,71,71,0,490,3,0,0,
23502197,2009 Honduran crisis,651,sysop, infinity,49,Fewer than 30 watchers,,0,0,5,0,0,
21435090,2009 Tampa Bay Devil Rays season,864,sysop, infinity,41,Fewer than 30 watchers,,0,2,13,0,0,
27579675,2010 Cumbria Shootings,309,sysop, infinity,31,Fewer than 30 watchers,,0,12,14,0,0,
24230015,2010 Tampa Bay Devil Rays season,590,sysop, infinity,40,Fewer than 30 watchers,,0,0,14,0,0,
31858060,2011 MotoGP Season,504,sysop, infinity,54,Fewer than 30 watchers,,0,0,103,0,0,
34484872,2012 MotoGP Season,2400,sysop, infinity,54,Fewer than 30 watchers,,0,10,2,0,0,
35145673,2012 Stanley Cup Final,4888,sysop, infinity,37,Fewer than 30 watchers,,0,16,3,0,0,
39323115,2013 Stanley Cup Final,6154,sysop, infinity,69,Fewer than 30 watchers,,0,4,2,0,0,
39323148,2013 Stanley Cup finals,1433,sysop, infinity,69,Fewer than 30 watchers,,0,2,2,0,0,2
42486163,2014 Stanley Cup Final,8727,sysop, infinity,69,Fewer than 30 watchers,,0,10,3,0,0,
42486165,2014 Stanley Cup finals,851,sysop, infinity,69,Fewer than 30 watchers,,0,0,3,0,0,2
46347018,2015 Semenyih helicopter crash,4619,sysop, infinity,109,Fewer than 30 watchers,,0,3,53,0,0,3
46633275,2015 Stanley Cup Final,4571,sysop, infinity,69,Fewer than 30 watchers,,0,1,2,0,0,
46633273,2015 Stanley Cup finals,1238,sysop, infinity,69,Fewer than 30 watchers,,0,0,2,0,0,2
28604838,(I Only Know Him) In The Dark,698,sysop, infinity,42,Fewer than 30 watchers,,0,2,15,0,0,
21294731,*NSYNC,151861,sysop, infinity,108,53,4,0,698,8,0,0,5
38192437,100 Players Who Shook The Kop,84274,sysop, infinity,44,Fewer than 30 watchers,,0,482,5,0,0,
20540800,14 MARATHA LI,660,sysop, infinity,52,Fewer than 30 watchers,,0,1,4,0,0,
21492121,1804 Squadron ATC,1352,sysop, infinity,83,Fewer than 30 watchers,,0,4,38,0,0,
39026519,1984 Sikh genocide,5082,sysop, infinity,34,60,6,0,27,5,0,0,
19028722,2006 Israel-Lebanon conflict,74619,sysop, infinity,77,1002,1001,0,289,10,0,0,3
22381820,2008 Beijing Drum Tower incident during the Olympic Games,444,sysop, infinity,47,Fewer than 30 watchers,,0,0,2,0,0,
19381355,"2008 Chatsworth, California train collision",770,sysop, infinity,45,Fewer than 30 watchers,,0,0,5,0,0,
19375895,2008 Chatsworth Metrolink collision,1023,sysop, infinity,46,Fewer than 30 watchers,,0,0,4,0,0,
19381993,2008 Summer Olympics Opening Ceremony,26357,sysop, infinity,83,53,53,0,596,3,0,0,2
19389590,2008 Summer Olympics medal count,3560,sysop, infinity,46,71,71,0,490,3,0,0,
23502197,2009 Honduran crisis,651,sysop, infinity,49,Fewer than 30 watchers,,0,0,5,0,0,
21435090,2009 Tampa Bay Devil Rays season,864,sysop, infinity,41,Fewer than 30 watchers,,0,2,13,0,0,
27579675,2010 Cumbria Shootings,309,sysop, infinity,31,Fewer than 30 watchers,,0,12,14,0,0,
24230015,2010 Tampa Bay Devil Rays season,590,sysop, infinity,40,Fewer than 30 watchers,,0,0,14,0,0,
31858060,2011 MotoGP Season,504,sysop, infinity,54,Fewer than 30 watchers,,0,0,103,0,0,
34484872,2012 MotoGP Season,2400,sysop, infinity,54,Fewer than 30 watchers,,0,10,2,0,0,
35145673,2012 Stanley Cup Final,4888,sysop, infinity,37,Fewer than 30 watchers,,0,16,3,0,0,
39323115,2013 Stanley Cup Final,6154,sysop, infinity,69,Fewer than 30 watchers,,0,4,2,0,0,
39323148,2013 Stanley Cup finals,1433,sysop, infinity,69,Fewer than 30 watchers,,0,2,2,0,0,2
42486163,2014 Stanley Cup Final,8727,sysop, infinity,69,Fewer than 30 watchers,,0,10,3,0,0,
42486165,2014 Stanley Cup finals,851,sysop, infinity,69,Fewer than 30 watchers,,0,0,3,0,0,2
46347018,2015 Semenyih helicopter crash,4619,sysop, infinity,109,Fewer than 30 watchers,,0,3,53,0,0,3
46633275,2015 Stanley Cup Final,4571,sysop, infinity,69,Fewer than 30 watchers,,0,1,2,0,0,
46633273,2015 Stanley Cup finals,1238,sysop, infinity,69,Fewer than 30 watchers,,0,0,2,0,0,2
28604838,(I Only Know Him) In The Dark,698,sysop, infinity,42,Fewer than 30 watchers,,0,2,15,0,0,
21294731,*NSYNC,151861,sysop, infinity,108,53,4,0,698,8,0,0,5
38192437,100 Players Who Shook The Kop,84274,sysop, infinity,44,Fewer than 30 watchers,,0,482,5,0,0,
20540800,14 MARATHA LI,660,sysop, infinity,52,Fewer than 30 watchers,,0,1,4,0,0,
21492121,1804 Squadron ATC,1352,sysop, infinity,83,Fewer than 30 watchers,,0,4,38,0,0,
39026519,1984 Sikh genocide,5082,sysop, infinity,34,60,6,0,27,5,0,0,
19028722,2006 Israel-Lebanon conflict,74619,sysop, infinity,77,1002,1001,0,289,10,0,0,3
22381820,2008 Beijing Drum Tower incident during the Olympic Games,444,sysop, infinity,47,Fewer than 30 watchers,,0,0,2,0,0,
19381355,"2008 Chatsworth, California train collision",770,sysop, infinity,45,Fewer than 30 watchers,,0,0,5,0,0,
19375895,2008 Chatsworth Metrolink collision,1023,sysop, infinity,46,Fewer than 30 watchers,,0,0,4,0,0,
19381993,2008 Summer Olympics Opening Ceremony,26357,sysop, infinity,83,53,53,0,596,3,0,0,2
19389590,2008 Summer Olympics medal count,3560,sysop, infinity,46,71,71,0,490,3,0,0,
23502197,2009 Honduran crisis,651,sysop, infinity,49,Fewer than 30 watchers,,0,0,5,0,0,
21435090,2009 Tampa Bay Devil Rays season,864,sysop, infinity,41,Fewer than 30 watchers,,0,2,13,0,0,
27579675,2010 Cumbria Shootings,309,sysop, infinity,31,Fewer than 30 watchers,,0,12,14,0,0,
24230015,2010 Tampa Bay Devil Rays season,590,sysop, infinity,40,Fewer than 30 watchers,,0,0,14,0,0,
31858060,2011 MotoGP Season,504,sysop, infinity,54,Fewer than 30 watchers,,0,0,103,0,0,
34484872,2012 MotoGP Season,2400,sysop, infinity,54,Fewer than 30 watchers,,0,10,2,0,0,
35145673,2012 Stanley Cup Final,4888,sysop, infinity,37,Fewer than 30 watchers,,0,16,3,0,0,
39323115,2013 Stanley Cup Final,6154,sysop, infinity,69,Fewer than 30 watchers,,0,4,2,0,0,
39323148,2013 Stanley Cup finals,1433,sysop, infinity,69,Fewer than 30 watchers,,0,2,2,0,0,2
42486163,2014 Stanley Cup Final,8727,sysop, infinity,69,Fewer than 30 watchers,,0,10,3,0,0,
42486165,2014 Stanley Cup finals,851,sysop, infinity,69,Fewer than 30 watchers,,0,0,3,0,0,2
46347018,2015 Semenyih helicopter crash,4619,sysop, infinity,109,Fewer than 30 watchers,,0,3,53,0,0,3
46633275,2015 Stanley Cup Final,4571,sysop, infinity,69,Fewer than 30 watchers,,0,1,2,0,0,
46633273,2015 Stanley Cup finals,1238,sysop, infinity,69,Fewer than 30 watchers,,0,0,2,0,0,2
28604838,(I Only Know Him) In The Dark,698,sysop, infinity,42,Fewer than 30 watchers,,0,2,15,0,0,
21294731,*NSYNC,151861,sysop, infinity,108,53,4,0,698,8,0,0,5
38192437,100 Players Who Shook The Kop,84274,sysop, infinity,44,Fewer than 30 watchers,,0,482,5,0,0,
20540800,14 MARATHA LI,660,sysop, infinity,52,Fewer than 30 watchers,,0,1,4,0,0,
21492121,1804 Squadron ATC,1352,sysop, infinity,83,Fewer than 30 watchers,,0,4,38,0,0,
39026519,1984 Sikh genocide,5082,sysop, infinity,34,60,6,0,27,5,0,0,
19028722,2006 Israel-Lebanon conflict,74619,sysop, infinity,77,1002,1001,0,289,10,0,0,3
22381820,2008 Beijing Drum Tower incident during the Olympic Games,444,sysop, infinity,47,Fewer than 30 watchers,,0,0,2,0,0,
19381355,"2008 Chatsworth, California train collision",770,sysop, infinity,45,Fewer than 30 watchers,,0,0,5,0,0,
19375895,2008 Chatsworth Metrolink collision,1023,sysop, infinity,46,Fewer than 30 watchers,,0,0,4,0,0,
19381993,2008 Summer Olympics Opening Ceremony,26357,sysop, infinity,83,53,53,0,596,3,0,0,2
19389590,2008 Summer Olympics medal count,3560,sysop, infinity,46,71,71,0,490,3,0,0,
23502197,2009 Honduran crisis,651,sysop, infinity,49,Fewer than 30 watchers,,0,0,5,0,0,
21435090,2009 Tampa Bay Devil Rays season,864,sysop, infinity,41,Fewer than 30 watchers,,0,2,13,0,0,
27579675,2010 Cumbria Shootings,309,sysop, infinity,31,Fewer than 30 watchers,,0,12,14,0,0,
24230015,2010 Tampa Bay Devil Rays season,590,sysop, infinity,40,Fewer than 30 watchers,,0,0,14,0,0,
31858060,2011 MotoGP Season,504,sysop, infinity,54,Fewer than 30 watchers,,0,0,103,0,0,
34484872,2012 MotoGP Season,2400,sysop, infinity,54,Fewer than 30 watchers,,0,10,2,0,0,
35145673,2012 Stanley Cup Final,4888,sysop, infinity,37,Fewer than 30 watchers,,0,16,3,0,0,
39323115,2013 Stanley Cup Final,6154,sysop, infinity,69,Fewer than 30 watchers,,0,4,2,0,0,
39323148,2013 Stanley Cup finals,1433,sysop, infinity,69,Fewer than 30 watchers,,0,2,2,0,0,2
42486163,2014 Stanley Cup Final,8727,sysop, infinity,69,Fewer than 30 watchers,,0,10,3,0,0,
42486165,2014 Stanley Cup finals,851,sysop, infinity,69,Fewer than 30 watchers,,0,0,3,0,0,2
46347018,2015 Semenyih helicopter crash,4619,sysop, infinity,109,Fewer than 30 watchers,,0,3,53,0,0,3
46633275,2015 Stanley Cup Final,4571,sysop, infinity,69,Fewer than 30 watchers,,0,1,2,0,0,
46633273,2015 Stanley Cup finals,1238,sysop, infinity,69,Fewer than 30 watchers,,0,0,2,0,0,2
28604838,(I Only Know Him) In The Dark,698,sysop, infinity,42,Fewer than 30 watchers,,0,2,15,0,0,
21294731,*NSYNC,151861,sysop, infinity,108,53,4,0,698,8,0,0,5
38192437,100 Players Who Shook The Kop,84274,sysop, infinity,44,Fewer than 30 watchers,,0,482,5,0,0,
20540800,14 MARATHA LI,660,sysop, infinity,52,Fewer than 30 watchers,,0,1,4,0,0,
21492121,1804 Squadron ATC,1352,sysop, infinity,83,Fewer than 30 watchers,,0,4,38,0,0,
39026519,1984 Sikh genocide,5082,sysop, infinity,34,60,6,0,27,5,0,0,
19028722,2006 Israel-Lebanon conflict,74619,sysop, infinity,77,1002,1001,0,289,10,0,0,3
22381820,2008 Beijing Drum Tower incident during the Olympic Games,444,sysop, infinity,47,Fewer than 30 watchers,,0,0,2,0,0,
19381355,"2008 Chatsworth, California train collision",770,sysop, infinity,45,Fewer than 30 watchers,,0,0,5,0,0,
19375895,2008 Chatsworth Metrolink collision,1023,sysop, infinity,46,Fewer than 30 watchers,,0,0,4,0,0,
19381993,2008 Summer Olympics Opening Ceremony,26357,sysop, infinity,83,53,53,0,596,3,0,0,2
19389590,2008 Summer Olympics medal count,3560,sysop, infinity,46,71,71,0,490,3,0,0,
23502197,2009 Honduran crisis,651,sysop, infinity,49,Fewer than 30 watchers,,0,0,5,0,0,
21435090,2009 Tampa Bay Devil Rays season,864,sysop, infinity,41,Fewer than 30 watchers,,0,2,13,0,0,
27579675,2010 Cumbria Shootings,309,sysop, infinity,31,Fewer than 30 watchers,,0,12,14,0,0,
24230015,2010 Tampa Bay Devil Rays season,590,sysop, infinity,40,Fewer than 30 watchers,,0,0,14,0,0,
31858060,2011 MotoGP Season,504,sysop, infinity,54,Fewer than 30 watchers,,0,0,103,0,0,
34484872,2012 MotoGP Season,2400,sysop, infinity,54,Fewer than 30 watchers,,0,10,2,0,0,
35145673,2012 Stanley Cup Final,4888,sysop, infinity,37,Fewer than 30 watchers,,0,16,3,0,0,
39323115,2013 Stanley Cup Final,6154,sysop, infinity,69,Fewer than 30 watchers,,0,4,2,0,0,
39323148,2013 Stanley Cup finals,1433,sysop, infinity,69,Fewer than 30 watchers,,0,2,2,0,0,2
42486163,2014 Stanley Cup Final,8727,sysop, infinity,69,Fewer than 30 watchers,,0,10,3,0,0,
42486165,2014 Stanley Cup finals,851,sysop, infinity,69,Fewer than 30 watchers,,0,0,3,0,0,2
46347018,2015 Semenyih helicopter crash,4619,sysop, infinity,109,Fewer than 30 watchers,,0,3,53,0,0,3
46633275,2015 Stanley Cup Final,4571,sysop, infinity,69,Fewer than 30 watchers,,0,1,2,0,0,
46633273,2015 Stanley Cup finals,1238,sysop, infinity,69,Fewer than 30 watchers,,0,0,2,0,0,2
28604838,(I Only Know Him) In The Dark,698,sysop, infinity,42,Fewer than 30 watchers,,0,2,15,0,0,
21294731,*NSYNC,151861,sysop, infinity,108,53,4,0,698,8,0,0,5
38192437,100 Players Who Shook The Kop,84274,sysop, infinity,44,Fewer than 30 watchers,,0,482,5,0,0,
20540800,14 MARATHA LI,660,sysop, infinity,52,Fewer than 30 watchers,,0,1,4,0,0,
21492121,1804 Squadron ATC,1352,sysop, infinity,83,Fewer than 30 watchers,,0,4,38,0,0,
39026519,1984 Sikh genocide,5082,sysop, infinity,34,60,6,0,27,5,0,0,
19028722,2006 Israel-Lebanon conflict,74619,sysop, infinity,77,1002,1001,0,289,10,0,0,3
22381820,2008 Beijing Drum Tower incident during the Olympic Games,444,sysop, infinity,47,Fewer than 30 watchers,,0,0,2,0,0,
19381355,"2008 Chatsworth, California train collision",770,sysop, infinity,45,Fewer than 30 watchers,,0,0,5,0,0,
19375895,2008 Chatsworth Metrolink collision,1023,sysop, infinity,46,Fewer than 30 watchers,,0,0,4,0,0,
19381993,2008 Summer Olympics Opening Ceremony,26357,sysop, infinity,83,53,53,0,596,3,0,0,2
19389590,2008 Summer Olympics medal count,3560,sysop, infinity,46,71,71,0,490,3,0,0,
23502197,2009 Honduran crisis,651,sysop, infinity,49,Fewer than 30 watchers,,0,0,5,0,0,
21435090,2009 Tampa Bay Devil Rays season,864,sysop, infinity,41,Fewer than 30 watchers,,0,2,13,0,0,
27579675,2010 Cumbria Shootings,309,sysop, infinity,31,Fewer than 30 watchers,,0,12,14,0,0,
24230015,2010 Tampa Bay Devil Rays season,590,sysop, infinity,40,Fewer than 30 watchers,,0,0,14,0,0,
31858060,2011 MotoGP Season,504,sysop, infinity,54,Fewer than 30 watchers,,0,0,103,0,0,
34484872,2012 MotoGP Season,2400,sysop, infinity,54,Fewer than 30 watchers,,0,10,2,0,0,
35145673,2012 Stanley Cup Final,4888,sysop, infinity,37,Fewer than 30 watchers,,0,16,3,0,0,
39323115,2013 Stanley Cup Final,6154,sysop, infinity,69,Fewer than 30 watchers,,0,4,2,0,0,
39323148,2013 Stanley Cup finals,1433,sysop, infinity,69,Fewer than 30 watchers,,0,2,2,0,0,2
42486163,2014 Stanley Cup Final,8727,sysop, infinity,69,Fewer than 30 watchers,,0,10,3,0,0,
42486165,2014 Stanley Cup finals,851,sysop, infinity,69,Fewer than 30 watchers,,0,0,3,0,0,2
46347018,2015 Semenyih helicopter crash,4619,sysop, infinity,109,Fewer than 30 watchers,,0,3,53,0,0,3
46633275,2015 Stanley Cup Final,4571,sysop, infinity,69,Fewer than 30 watchers,,0,1,2,0,0,
46633273,2015 Stanley Cup finals,1238,sysop, infinity,69,Fewer than 30 watchers,,0,0,2,0,0,2
28604838,(I Only Know Him) In The Dark,698,sysop, infinity,42,Fewer than 30 watchers,,0,2,15,0,0,
21294731,*NSYNC,151861,sysop, infinity,108,53,4,0,698,8,0,0,5
38192437,100 Players Who Shook The Kop,84274,sysop, infinity,44,Fewer than 30 watchers,,0,482,5,0,0,
20540800,14 MARATHA LI,660,sysop, infinity,52,Fewer than 30 watchers,,0,1,4,0,0,
21492121,1804 Squadron ATC,1352,sysop, infinity,83,Fewer than 30 watchers,,0,4,38,0,0,
39026519,1984 Sikh genocide,5082,sysop, infinity,34,60,6,0,27,5,0,0,
19028722,2006 Israel-Lebanon conflict,74619,sysop, infinity,77,1002,1001,0,289,10,0,0,3
22381820,2008 Beijing Drum Tower incident during the Olympic Games,444,sysop, infinity,47,Fewer than 30 watchers,,0,0,2,0,0,
19381355,"2008 Chatsworth, California train collision",770,sysop, infinity,45,Fewer than 30 watchers,,0,0,5,0,0,
19375895,2008 Chatsworth Metrolink collision,1023,sysop, infinity,46,Fewer than 30 watchers,,0,0,4,0,0,
19381993,2008 Summer Olympics Opening Ceremony,26357,sysop, infinity,83,53,53,0,596,3,0,0,2
19389590,2008 Summer Olympics medal count,3560,sysop, infinity,46,71,71,0,490,3,0,0,
23502197,2009 Honduran crisis,651,sysop, infinity,49,Fewer than 30 watchers,,0,0,5,0,0,
21435090,2009 Tampa Bay Devil Rays season,864,sysop, infinity,41,Fewer than 30 watchers,,0,2,13,0,0,
27579675,2010 Cumbria Shootings,309,sysop, infinity,31,Fewer than 30 watchers,,0,12,14,0,0,
24230015,2010 Tampa Bay Devil Rays season,590,sysop, infinity,40,Fewer than 30 watchers,,0,0,14,0,0,
31858060,2011 MotoGP Season,504,sysop, infinity,54,Fewer than 30 watchers,,0,0,103,0,0,
34484872,2012 MotoGP Season,2400,sysop, infinity,54,Fewer than 30 watchers,,0,10,2,0,0,
35145673,2012 Stanley Cup Final,4888,sysop, infinity,37,Fewer than 30 watchers,,0,16,3,0,0,
39323115,2013 Stanley Cup Final,6154,sysop, infinity,69,Fewer than 30 watchers,,0,4,2,0,0,
39323148,2013 Stanley Cup finals,1433,sysop, infinity,69,Fewer than 30 watchers,,0,2,2,0,0,2
42486163,2014 Stanley Cup Final,8727,sysop, infinity,69,Fewer than 30 watchers,,0,10,3,0,0,
42486165,2014 Stanley Cup finals,851,sysop, infinity,69,Fewer than 30 watchers,,0,0,3,0,0,2
46347018,2015 Semenyih helicopter crash,4619,sysop, infinity,109,Fewer than 30 watchers,,0,3,53,0,0,3
46633275,2015 Stanley Cup Final,4571,sysop, infinity,69,Fewer than 30 watchers,,0,1,2,0,0,
46633273,2015 Stanley Cup finals,1238,sysop, infinity,69,Fewer than 30 watchers,,0,0,2,0,0,2
10276064,Bill Nye,9994129,autoconfirmed, infinity,71248,414,32,18,51485,4484,0,0,24
188564,Bill O'Reilly (political commentator),6273990,autoconfirmed, infinity,101459,772,20,41,42185,11464,4,4,32
6712182,Bill de Blasio,7773755,autoconfirmed, 2022-08-03T00:05:17Z,109947,193,32,47,95659,2452,35,13,22
4838753,Billava,233750,autoconfirmed, infinity,32270,Fewer than 30 watchers,,4,3364,922,0,0,5
730350,Billboard 200,5896908,autoconfirmed, infinity,112797,220,40,37,53885,4332,20,9,8
423161,Billboard Hot 100,12163109,autoconfirmed, infinity,30003,345,48,55,119464,3378,11,6,11
62509543,Billboard Year-End Hot 100 singles of 2019,337426,autoconfirmed, 2022-03-15T07:53:56Z,11910,Fewer than 30 watchers,,1,11323,143,0,0,3
53785363,Billie Eilish,43600384,autoconfirmed, infinity,148748,440,142,18,651612,3223,63,32,25
80903,Billie Joe Armstrong,7299999,autoconfirmed, infinity,69692,610,28,17,116497,8466,33,5,37
36560852,Billy Eichner,5855986,autoconfirmed, 2021-08-18T01:18:23Z,23405,93,24,0,59749,665,44,38,13
690865,Billy Graham,9776709,autoconfirmed, infinity,129871,453,44,50,72482,5495,6,5,42
46402593,Billy McKay,28003,autoconfirmed, infinity,41,Fewer than 30 watchers,,0,92,8,0,0,
844291,Billy Meier,655722,autoconfirmed, 2022-02-02T21:23:23Z,11218,167,16,26,5159,1721,1,1,15
38483935,Billy Mitchell (electronic sports player),52886,autoconfirmed, infinity,36,42,4,0,121,2,0,0,
20449611,Billy Mitchell (gamer),346661,autoconfirmed, infinity,36577,111,18,6,18762,2235,1,1,8
54906518,Billy Murray (English actor),281,autoconfirmed, infinity,51,Fewer than 30 watchers,,0,0,1,0,0,
609853,Billy Murray (actor),1270504,autoconfirmed, infinity,16439,32,4,1,14053,638,3,2,12
169602,Billy Ray Cyrus,8939247,autoconfirmed, infinity,56531,258,25,10,78729,5410,2,2,30
42679021,Bimal N. Patel,25816,autoconfirmed, infinity,23761,Fewer than 30 watchers,,0,267,179,0,0,8
56180153,Binance,1554133,autoconfirmed, infinity,18039,71,43,3,119330,251,5,4,7
42934020,Bindu Madhav Pathak,8338,autoconfirmed, infinity,4616,Fewer than 30 watchers,,0,39,65,0,0,14
42848287,"Binghamton, New York weather",488,autoconfirmed, infinity,51,Fewer than 30 watchers,,0,0,15,0,0,2
1825751,Binibining Pilipinas,966424,autoconfirmed, infinity,17440,45,4,53,10266,4947,19,4,6
62681534,Binibining Pilipinas 2021,60153,autoconfirmed, infinity,18695,Fewer than 30 watchers,,4,12140,949,13,3,4
38707650,Binod Chaudhary,557834,autoconfirmed, 2025-08-11T13:36:32Z,37493,Fewer than 30 watchers,,1,8416,450,1,1,13
7370562,Biography,2514088,autoconfirmed, infinity,26169,377,31,11,19320,2898,2,1,15
1243134,Bioidentical hormone replacement therapy,486677,autoconfirmed, infinity,76836,92,4,6,2264,1334,0,0,2
56064311,Bioidentical hormone therapy,7207,autoconfirmed, infinity,71,88,17,0,58,1,0,0,
9127632,Biology,7812050,autoconfirmed, infinity,224289,1172,100,27,61108,6779,18,3,29
4816,Biosphere,2455907,autoconfirmed, 2024-07-12T10:54:52Z,31038,309,31,11,15792,2536,0,0,13
1379789,Bipasha Basu,6273112,autoconfirmed, infinity,61672,163,9,3,58844,4755,7,5,17
4531,Bipolar disorder,18187413,autoconfirmed, infinity,149239,1792,91,68,161653,8597,17,7,26
23303213,"Bir, Himachal Pradesh",326179,autoconfirmed, infinity,11301,Fewer than 30 watchers,,0,2329,218,1,1,12
2758486,Bircham International University,258068,autoconfirmed, infinity,10578,43,11,2,1443,683,0,0,6
3410,Bird,9129909,autoconfirmed, infinity,222467,651,77,46,120063,6953,29,10,26
185196,Birmingham City F.C.,3082191,autoconfirmed, 2022-07-23T20:44:52Z,95974,145,14,18,55077,9056,24,6,12
20903181,Birthday,2342501,autoconfirmed, 2021-09-17T22:46:13Z,32834,260,23,21,19841,4314,0,0,23
21378368,Bisexuality,7025230,autoconfirmed, infinity,102234,652,53,29,80748,5775,2,2,17
2425614,Bishop Burton,25622,autoconfirmed, infinity,9586,Fewer than 30 watchers,,3,246,153,1,1,11
12550933,Bishop Ludden Junior%2FSenior High School,26703,autoconfirmed, 2022-02-02T00:26:56Z,6552,Fewer than 30 watchers,,1,203,688,0,0,12
4504769,Bishop Vesey's Grammar School,79409,autoconfirmed, infinity,14614,Fewer than 30 watchers,,7,841,911,0,0,16
64403400,Biswaroop Roy Chowdhury,159476,autoconfirmed, 2022-04-14T15:55:00Z,11427,Fewer than 30 watchers,,1,8520,177,0,0,7
55998495,BitChute,1083369,autoconfirmed, infinity,25563,124,48,3,43345,941,24,14,6
58738996,BitMEX,150050,autoconfirmed, infinity,6964,Fewer than 30 watchers,,4,6611,124,11,2,6
5512964,Bitch,638099,autoconfirmed, infinity,2149,185,9,11,3339,550,0,0,
52934106,Bitch (insult),542148,autoconfirmed, infinity,44,175,20,0,1027,1,0,0,
48097,Bitch (slang),1461940,autoconfirmed, infinity,38455,227,21,25,34926,2851,3,3,13
44892593,Bitcoin faucet,277206,autoconfirmed, infinity,82,31,5,0,471,214,0,0,3
47594008,Björn Höcke,308249,autoconfirmed, 2023-03-01T09:55:53Z,18647,37,5,2,3555,539,5,4,16
44115852,Blac Chyna,14270977,autoconfirmed, infinity,11075,103,17,4,72308,1078,7,4,9
49133452,BlackLight Power,19962,autoconfirmed, infinity,51,124,31,0,9,1,0,0,
380143,Black Beauty,1692713,autoconfirmed, infinity,28132,100,9,1,13745,890,0,0,15
440044,Black Dahlia,12952554,autoconfirmed, infinity,73272,517,32,22,106292,4316,5,3,19
4501,Black Death,24490680,autoconfirmed, infinity,123251,1406,111,14,241686,10671,16,9,27
4634611,Black Disciples,1512638,autoconfirmed, 2025-08-22T17:19:37Z,6836,85,16,3,31824,1233,0,0,9
397106,Black English,49959,autoconfirmed, infinity,116,Fewer than 30 watchers,,0,58,35,0,0,3
210453,Black Eyed Peas,1822339,autoconfirmed, infinity,52399,399,34,20,94589,9243,2,2,28
1906868,Black Hebrew Israelites,3943285,autoconfirmed, infinity,53164,332,39,13,39004,3112,4,2,8
1030599,Black History Month,2816859,autoconfirmed, infinity,26287,178,20,6,6660,2005,1,1,11
44751865,Black Lives Matter,14554774,autoconfirmed, infinity,245575,643,137,17,109511,4504,16,10,21
41677925,Black Panther (film),34406460,autoconfirmed, 2022-02-27T15:36:46Z,295279,375,96,11,162559,4285,4,4,26
23278339,Black Panther Party,11471410,autoconfirmed, infinity,133012,728,60,14,88085,7406,12,9,27
4314,Black Sabbath,10827631,autoconfirmed, infinity,156395,637,59,16,137292,9537,3,3,26
320453,Black Stone,3561373,autoconfirmed, infinity,38811,287,24,15,40637,1961,0,0,13
28150733,Black Veil Brides,2654634,autoconfirmed, infinity,88871,276,7,13,20957,2897,8,2,17
37497391,Black Widow (2021 film),2778296,autoconfirmed, 2021-09-14T14:06:58Z,190535,203,131,5,1650277,3708,373,54,17
4650,Black hole,17993925,autoconfirmed, infinity,153189,2135,144,22,153143,7913,10,7,23
241617,Black magic,3643225,autoconfirmed, infinity,19467,393,34,8,49346,1613,2,2,18
2350760,Black mamba,4833329,autoconfirmed, infinity,44988,215,18,12,41860,5490,2,2,13
888419,Black man,20236,autoconfirmed, infinity,98,Fewer than 30 watchers,,0,49,90,0,0,8
4745,Black people,4723118,autoconfirmed, infinity,117691,834,61,40,48965,8972,3,3,28
34561548,Black person,17951,autoconfirmed, infinity,90,Fewer than 30 watchers,,0,90,9,0,0,6
31771275,Black sea studios,1381,autoconfirmed, infinity,127,Fewer than 30 watchers,,0,5,30,0,0,4
65426,Black supremacy,1144685,autoconfirmed, infinity,12120,260,37,8,12849,2975,11,6,7
12531659,Black woman,18277,autoconfirmed, infinity,89,Fewer than 30 watchers,,0,19,11,0,0,7
4572,Blackbeard,8494221,autoconfirmed, infinity,71783,492,54,8,92481,4981,0,0,20
298599,Blackburn Rovers F.C.,4581901,autoconfirmed, infinity,78192,137,18,11,72531,6840,18,8,11
167721,Blackfoot Confederacy,1935230,autoconfirmed, infinity,82748,233,27,19,15448,2637,6,3,28
50949525,Blackpink,8762637,autoconfirmed, infinity,146324,374,94,15,246555,4422,14,10,22
2374439,Blacks (disambiguation),15003,autoconfirmed, infinity,546,Fewer than 30 watchers,,0,172,206,0,0,
145092,Blacksmith,1906323,autoconfirmed, infinity,46736,175,10,11,18255,2937,1,1,19
10468424,Blah,101717,autoconfirmed, infinity,2083,97,5,16,293,422,0,0,
56854425,Blaire White,1197836,autoconfirmed, infinity,14102,73,28,2,34320,699,11,6,8
4068,Blaise Pascal,3856695,autoconfirmed, infinity,51360,530,32,8,33586,4676,2,1,51
10567534,Blake Griffin,8233943,autoconfirmed, infinity,98344,119,20,3,70193,3104,2,2,15
2265561,Blake Lively,33391217,autoconfirmed, infinity,64453,409,37,2,458736,4111,6,6,24
143182,Blank,162819,autoconfirmed, infinity,1498,32,There may or may not be a watching user visiting recent edits,4,430,716,1,1,
892714,Blanket,617125,autoconfirmed, 2025-11-05T10:33:59Z,5199,83,4,6,3933,1215,1,1,15
1020992,Bleiburg repatriations,476684,autoconfirmed, 2022-03-20T18:07:45Z,129481,114,16,4,4735,2120,1,1,17
30805018,Blessed Martyrs of Drina,21752,autoconfirmed, 2022-06-10T14:21:26Z,21045,Fewer than 30 watchers,,2,306,171,0,0,17
3433,Blindness,856071,autoconfirmed, infinity,205,121,4,0,3977,1997,0,0,11
4548,Blizzard,1679871,autoconfirmed, infinity,38830,189,20,5,10153,4211,0,0,11
60378597,Blobfish,2184738,autoconfirmed, infinity,575,106,10,2,3060,11,0,0,
44065971,Blockchain,15778377,autoconfirmed, infinity,108859,960,146,24,121527,3339,1,1,19
41594749,Blockchain.com,373677,autoconfirmed, infinity,19841,68,23,3,24901,322,6,4,3
33645,Blog,8755574,autoconfirmed, infinity,68346,1385,55,100,85851,7073,4,3,29
304875,Blogger (service),2208203,autoconfirmed, infinity,24207,369,21,16,39989,2229,1,1,16
443498,Blond,3553847,autoconfirmed, infinity,70687,348,34,66,26035,6367,2,2,19
3997,Blood,5526689,autoconfirmed, infinity,59415,549,43,24,37694,5709,0,0,23
6465554,Blood-Horse magazine List of the Top 100 U.S. Racehorses of the 20th Century,240266,autoconfirmed, infinity,6477,Fewer than 30 watchers,,5,1666,523,0,0,
10816091,BloodRayne,496208,autoconfirmed, infinity,4555,77,4,15,5196,270,1,1,
34307907,BloodRayne: Betrayal,136932,autoconfirmed, 2022-04-27T04:14:39Z,13198,Fewer than 30 watchers,,1,2953,232,0,0,9
59520441,BloodRayne (franchise),78732,autoconfirmed, infinity,41,Fewer than 30 watchers,,0,45,2,0,0,
59579277,BloodRayne (series),57355,autoconfirmed, infinity,41,Fewer than 30 watchers,,0,191,1,0,0,
875529,BloodRayne (video game),114690,autoconfirmed, infinity,17161,73,5,1,3744,1147,0,0,9
1050479,BloodRayne 2,211863,autoconfirmed, 2024-12-30T19:25:46Z,11156,33,6,4,2176,510,0,0,8
36494426,Blood (In This Moment song),31859,autoconfirmed, infinity,8015,Fewer than 30 watchers,,0,204,125,0,0,8
486550,Blood curse,198106,autoconfirmed, infinity,7302,39,9,6,2415,314,2,2,2
2163572,Blood libel against Jews,79047,autoconfirmed, infinity,25,68,68,0,807,840,0,0,
232216,Bloods,9541559,autoconfirmed, infinity,22132,363,32,11,96076,4922,0,0,9
11137057,BlueWare,14764,autoconfirmed, infinity,4993,Fewer than 30 watchers,,3,46,123,0,0,8
4832611,Blue Christmas (song),441523,autoconfirmed, 2021-09-12T17:45:54Z,15026,34,9,1,1463,559,0,0,24
48725772,Blue Lives Matter,1585830,autoconfirmed, infinity,12640,103,29,3,22799,480,0,0,9
26213251,Blue Whale,457842,autoconfirmed, infinity,105,127,127,0,123,4,0,0,7
53647915,Blue Whale Challenge,2499355,autoconfirmed, infinity,49678,229,14,6,35101,1000,3,2,12
27622138,Bluehost,388962,autoconfirmed, 2022-01-22T02:29:56Z,8136,52,7,1,10259,551,3,3,
54611700,Bluey (2018 TV series),1419509,autoconfirmed, 2022-01-23T13:06:17Z,94954,67,39,5,85757,1237,11,10,8
162798,Bluto,742811,autoconfirmed, 2021-11-20T00:19:25Z,17605,48,2,3,8801,771,9,2,9
7050335,Bo Lozoff,32182,autoconfirmed, infinity,4577,Fewer than 30 watchers,,1,211,233,0,0,15
3996,Boat,1746218,autoconfirmed, infinity,16846,251,21,9,16240,4795,3,3,17
853432,Bob,332902,autoconfirmed, infinity,3100,106,6,6,2233,3480,0,0,
2099769,Bob Baffert,1521627,autoconfirmed, 2021-09-08T09:45:37Z,30175,47,27,0,4389,955,1,1,9
343327,Bob Barker,7434251,autoconfirmed, infinity,41587,252,36,7,88832,3349,5,4,21
14522707,Bob Bratina,60291,autoconfirmed, infinity,32029,Fewer than 30 watchers,,0,569,244,1,1,12
5424091,Bob Cicherillo,74054,autoconfirmed, 2022-01-07T20:36:01Z,5333,Fewer than 30 watchers,,0,1406,255,0,0,13
55846,Bob Dole,6529462,autoconfirmed, infinity,87021,218,36,10,66955,4736,12,7,30
17179344,Bob Kinnear,13969,autoconfirmed, infinity,5404,Fewer than 30 watchers,,0,32,54,0,0,2
992332,Bob Larson,288635,autoconfirmed, infinity,11498,58,4,5,3102,434,0,0,17
513303,Bob Lazar,4761418,autoconfirmed, 2023-03-22T04:18:04Z,22247,282,59,6,55700,2525,0,0,9
8239846,Bob Marley,26637030,autoconfirmed, infinity,90251,1172,61,21,267751,6672,8,6,48
694313,Bob Menendez,1765074,autoconfirmed, infinity,164250,143,21,11,14249,2364,0,0,22
50436882,Bob Ross,22901841,autoconfirmed, infinity,37865,440,44,9,197249,4176,5,4,22
437544,Bob Saget,5869302,autoconfirmed, infinity,23588,221,13,6,56421,3999,2,1,17
614427,Bob Uecker,2491733,autoconfirmed, infinity,25917,74,8,1,39309,1079,2,2,12
356970,Bob the Builder,2270693,autoconfirmed, infinity,25838,169,30,12,26185,4051,7,5,17
56693098,Bob the Builder (2015 TV series),158010,autoconfirmed, 2021-12-06T19:32:52Z,7943,38,14,1,3284,522,5,3,6
23709878,Bob the Goon,3187,autoconfirmed, infinity,37,Fewer than 30 watchers,,0,2,21,0,0,
18369017,Bobby Kotick,714698,autoconfirmed, infinity,27855,60,14,3,87796,804,3,3,8
43513621,Bobby Shmurda,10217770,autoconfirmed, infinity,39721,167,19,5,72517,2621,5,5,15
30857675,Bobby Trendy,143094,autoconfirmed, infinity,4986,40,There may or may not be a watching user visiting recent edits,1,1305,850,0,0,9
24461606,Bocadillo,227002,autoconfirmed, infinity,6674,Fewer than 30 watchers,,1,2183,181,0,0,6
1610318,Bochasanwasi Akshar Purushottam Swaminarayan Sanstha,443843,autoconfirmed, infinity,68985,82,24,12,8156,2401,1,1,11
3788,Body,492760,autoconfirmed, infinity,3787,101,4,8,2226,1050,1,1,
18933266,Boeing,7795113,autoconfirmed, 2021-09-14T18:18:38Z,53878,607,48,38,75489,4919,10,7,21
47013579,Boeing 737 Original,3908,autoconfirmed, infinity,41,178,8,0,34,15,0,0,
1293592,Boeing YB-40 Flying Fortress,294912,autoconfirmed, infinity,17315,44,9,9,3457,315,0,0,10
5108785,Bohemia (rapper),1485165,autoconfirmed, 2022-02-20T11:24:00Z,24072,109,6,16,14907,4070,0,0,
66232019,"Bohol, Somalia",6599,autoconfirmed, 2022-04-14T18:32:50Z,78,Fewer than 30 watchers,,0,7,1,0,0,3
30033296,"Bohol, Somaliland",384,autoconfirmed, 2022-04-14T18:32:50Z,4369,Fewer than 30 watchers,,1,20,120,1,1,4
2216909,Boi (slang),987169,autoconfirmed, infinity,7177,90,13,4,8496,935,0,0,3
3719867,Boiled egg,1773707,autoconfirmed, 2024-06-29T12:11:25Z,21102,81,7,21,14853,1127,0,0,11
7912316,Boku no Pico,5303813,autoconfirmed, 2021-12-26T09:26:05Z,13524,109,9,7,81099,1583,4,3,12
1606985,"Bol, Croatia",94866,autoconfirmed, infinity,7130,Fewer than 30 watchers,,2,1610,240,0,0,
42226933,Bold,83292,autoconfirmed, infinity,116,Fewer than 30 watchers,,0,273,32,0,0,5
32107992,Boleto,143310,autoconfirmed, infinity,1522,Fewer than 30 watchers,,2,1195,123,0,0,4
2017211,Bolt (2008 film),2102010,autoconfirmed, infinity,30907,188,17,13,27390,1985,3,3,16
352418,Bolton,1269884,autoconfirmed, infinity,85986,102,14,7,13202,2954,2,2,25
47628,Bomb,1294406,autoconfirmed, infinity,30037,239,14,11,10397,4641,0,0,22
21967618,Bomis,888104,autoconfirmed, infinity,79087,150,18,20,12189,1353,5,3,11
63123,Bon Jovi,9141023,autoconfirmed, infinity,81779,389,37,21,88469,8458,1,1,27
206407,Bondage and discipline,6659,autoconfirmed, infinity,18,Fewer than 30 watchers,,0,38,2,0,0,
5733943,Bondage and domination,1399,autoconfirmed, infinity,18,Fewer than 30 watchers,,0,4,2,0,0,
51992746,Bondage cuff,428,autoconfirmed, infinity,27,Fewer than 30 watchers,,0,10,2,0,0,
51992653,Bondage equipment,49861,autoconfirmed, infinity,36,Fewer than 30 watchers,,0,356,3,0,0,
2103645,Bondage hook,23367,autoconfirmed, infinity,36,Fewer than 30 watchers,,0,173,96,0,0,
4804532,Bondage hooks,1729,autoconfirmed, infinity,36,Fewer than 30 watchers,,0,7,10,0,0,
606863,Boner,192179,autoconfirmed, infinity,784,Fewer than 30 watchers,,2,1139,971,0,0,
38314,Bong,2042796,autoconfirmed, infinity,12585,190,9,12,27499,4420,0,0,11
572460,Bongbong Marcos,1037190,autoconfirmed, infinity,81432,79,13,11,22964,1000,2,2,19
76772,Bono,7621949,autoconfirmed, infinity,109489,419,31,8,84380,6496,8,7,40
55800618,Bontle Modiselle,155083,autoconfirmed, 2022-01-15T21:43:26Z,12133,Fewer than 30 watchers,,1,5292,153,2,1,6
24579707,Bonus Jack,40420,autoconfirmed, infinity,5012,Fewer than 30 watchers,,1,198,112,0,0,2
1104035,Boob,611925,autoconfirmed, infinity,1153,37,7,3,5561,237,0,0,
43715900,Boob (disambiguation),9730,autoconfirmed, infinity,96,Fewer than 30 watchers,,0,41,3,0,0,5
19543748,Boobs,407737,autoconfirmed, infinity,83,Fewer than 30 watchers,,0,2718,38,0,0,5
223034,Booby,918503,autoconfirmed, infinity,10285,84,10,6,11990,1091,2,1,13
64122428,Boogaloo movement,3338607,autoconfirmed, 2021-08-18T16:37:16Z,105409,188,61,8,35026,1056,2,2,10
3589972,Booger McFarland,2460820,autoconfirmed, 2021-08-23T03:47:25Z,12760,Fewer than 30 watchers,,1,7064,485,0,0,10
52458565,Boogie2988,869267,autoconfirmed, infinity,20726,60,14,1,14582,815,1,1,10
452890,Boohbah,659262,autoconfirmed, infinity,25805,84,12,10,7114,2678,21,6,7
3778,Book,4662613,autoconfirmed, infinity,62998,603,56,9,45907,5911,4,2,27
4381,Book of Ruth,1530720,autoconfirmed, 2021-10-08T16:17:31Z,19275,187,25,12,12444,1715,17,9,10
30864128,Book swapping,72626,autoconfirmed, infinity,3044,32,2,4,398,508,1,1,3
37242,Booker T. Washington,5418567,autoconfirmed, infinity,91904,416,43,14,36907,4763,13,5,50
4359,Boomerang,2067916,autoconfirmed, infinity,46298,218,15,7,19706,2913,0,0,28
59622045,Boomerang (TV channel),1162047,autoconfirmed, infinity,53,151,23,0,572,1,0,0,
712500,Boomerang (TV network),649491,autoconfirmed, infinity,48446,202,31,34,21906,3578,2,1,15
2096702,Bop It,812231,autoconfirmed, infinity,42240,46,7,12,9436,1495,0,0,14
3887772,Borama,130596,autoconfirmed, infinity,17738,39,5,5,1343,1084,3,2,9
235534,Boredom,1298286,autoconfirmed, infinity,36145,249,20,12,12430,2761,1,1,17
59254038,"Borek, Iraq",433,autoconfirmed, infinity,4929,Fewer than 30 watchers,,1,17,27,0,0,10
66092693,Borek (Iraq),2611,autoconfirmed, infinity,72,Fewer than 30 watchers,,0,13,1,0,0,3
234869,Boring,96339,autoconfirmed, infinity,1246,Fewer than 30 watchers,,1,379,500,0,0,
2387461,Boris Diaw,1054394,autoconfirmed, infinity,25519,31,4,3,11607,779,0,0,15
19065069,Boris Johnson,29744190,autoconfirmed, infinity,305209,646,154,31,446017,10534,54,22,37
28996012,Born This Way (album),1761224,autoconfirmed, infinity,212551,160,16,22,20952,4698,16,8,89
32017003,Born This Way Ball,509237,autoconfirmed, infinity,86303,52,3,7,3201,4625,0,0,10
3755,Boron,4689212,autoconfirmed, 2021-11-09T11:58:11Z,98216,293,26,12,29446,3397,4,3,20
331715,Borussia Dortmund,11714935,autoconfirmed, infinity,102626,168,30,10,183227,6131,20,10,16
61538411,Boscastle flood of 2004,283384,autoconfirmed, infinity,51,30,6,0,495,1,0,0,
3463,Bosnia and Herzegovina,11386552,autoconfirmed, infinity,192807,615,76,50,175973,10556,22,6,37
18600876,Bosniaks,1788535,autoconfirmed, infinity,146444,234,18,35,25610,6015,4,3,36
53850690,Bosnian genocide denial,68767,autoconfirmed, 2022-03-20T18:08:00Z,99250,30,19,1,2796,468,1,1,20
3777541,Bosnian pyramid claims,953540,autoconfirmed, 2021-09-12T18:01:30Z,35451,208,22,14,17873,2311,0,0,16
17293955,Bossy (Lindsay Lohan song),67338,autoconfirmed, infinity,12195,Fewer than 30 watchers,,1,412,825,0,0,8
24437894,Boston,12408262,autoconfirmed, 2021-09-08T19:25:41Z,206482,1113,98,60,141257,12951,14,11,41
26349082,"Boston, Massachusetts",1214887,autoconfirmed, infinity,84,568,568,0,14448,7,0,0,3
82254,Boston Massacre,3800708,autoconfirmed, infinity,44585,342,23,12,24752,5356,3,3,11
4339,Boston Red Sox,6376683,autoconfirmed, infinity,151666,669,33,39,78517,8274,13,6,18
4608353,Boston Tea Party,6330825,autoconfirmed, infinity,45729,421,24,19,41062,3374,1,1,16
228744,Bottle,562788,autoconfirmed, infinity,10101,80,5,7,4049,1402,3,2,12
55532,Bottom (BDSM),339184,autoconfirmed, infinity,77,62,10,0,1579,172,0,0,4
159855,Bow Wow (rapper),7278415,autoconfirmed, infinity,42524,308,15,26,76301,5395,2,2,20
4248,Bowls,1118669,autoconfirmed, infinity,25074,109,6,14,11855,1409,1,1,21
81493,Bowser (character),1753319,autoconfirmed, 2022-04-30T17:36:58Z,33390,237,28,25,22072,7331,3,3,17
51264996,Box Cricket League,764868,autoconfirmed, infinity,46380,Fewer than 30 watchers,,4,8052,303,1,1,7
334785,Box jellyfish,3145868,autoconfirmed, 2021-09-21T10:22:04Z,32886,149,11,12,41596,2358,3,3,12
4304173,Boxing pound for pound rankings,1441181,autoconfirmed, infinity,10995,53,9,3,22038,3235,5,2,2
194253,Boy,1195118,autoconfirmed, infinity,23215,185,31,13,8628,2603,1,1,20
4673,Boy band,2674402,autoconfirmed, infinity,49305,171,24,12,34448,5070,1,1,11
36610185,Boyce-Sneed feud,237,autoconfirmed, 2021-10-20T17:29:57Z,9553,Fewer than 30 watchers,,3,204,102,0,0,4
63278837,Boycott against Xiao Zhan Incident,145893,autoconfirmed, infinity,13800,Fewer than 30 watchers,,2,11030,279,0,0,3
572511,Boyfriend,877795,autoconfirmed, infinity,5198,136,12,7,19380,1509,0,0,4
47718400,Boyka: Undisputed,1843427,autoconfirmed, infinity,6963,Fewer than 30 watchers,,4,28507,142,1,1,6
48624484,Boyka: Undisputed IV,54184,autoconfirmed, infinity,47,Fewer than 30 watchers,,0,5,1,0,0,
42103819,Boyko Borisov,636661,autoconfirmed, 2021-08-18T21:20:22Z,65544,67,17,7,9630,1572,2,2,24
621513,Boyzone,2119559,autoconfirmed, infinity,43191,99,4,7,22664,2362,6,5,27
52587522,"Bozan, Iraq",9386,autoconfirmed, infinity,7536,Fewer than 30 watchers,,2,41,53,0,0,9
53784982,Brace Belden,358775,autoconfirmed, 2021-08-23T14:15:42Z,14818,Fewer than 30 watchers,,3,18894,295,0,0,4
20598015,Brachiosaurus,2065903,autoconfirmed, infinity,116090,158,27,11,24094,1757,0,0,12
44849,Brad Pitt,36765501,autoconfirmed, infinity,153105,1101,53,5,416934,9708,9,7,39
57802185,Brad Raffensperger,589799,autoconfirmed, 2021-09-21T22:21:07Z,41020,45,21,4,4971,404,0,0,6
23861381,Bradford,1986999,autoconfirmed, infinity,155652,159,17,17,22107,4711,42,9,45
353103,Bradley,249634,autoconfirmed, infinity,8784,31,There may or may not be a watching user visiting recent edits,1,1853,804,0,0,4
3874841,"""Polish death camp"" controversy",407727,extendedconfirmed, infinity,55464,143,15,15,2545,2028,3,1,13
17901024,'Azza,43094,extendedconfirmed, infinity,5574,Fewer than 30 watchers,,4,204,87,0,0,8
17626789,1929 Hebron massacre,402155,extendedconfirmed, infinity,46977,184,16,6,3519,1090,0,0,14
304601,1936-1939 Arab revolt in Palestine,7182,extendedconfirmed, infinity,130081,221,31,20,6980,1388,137,8,19
53706170,1936-39 Arab revolt in Palestine,5683,extendedconfirmed, infinity,67,171,43,0,1010,1,0,0,
58155879,1947-49 Palestine war,2328,extendedconfirmed, infinity,56,190,50,0,73,2,0,0,
51550220,1947 Jammu massacres,319698,extendedconfirmed, infinity,38928,39,7,2,5320,535,0,0,6
60098707,1947-1948 Civil War in Mandatory Palestine,19062,extendedconfirmed, infinity,75,204,44,0,426,1,0,0,
45137635,1947-1949 Palestine war,1043,extendedconfirmed, infinity,66246,258,40,28,10365,1139,7,2,11
59052047,1947-48 Civil War in Mandatory Palestine,9691,extendedconfirmed, infinity,75,198,35,0,1273,2,0,0,
36197,1948 Arab-Israeli War,295387,extendedconfirmed, infinity,187699,556,53,17,37450,6377,13,8,30
58254354,1948 Palestine war,588936,extendedconfirmed, infinity,56,191,51,0,1730,2,0,0,
25234737,1948 Palestinian exodus,1397589,extendedconfirmed, infinity,107195,449,46,9,10983,3840,8,6,19
22620057,1948 Palestinian exodus from Lydda and Ramle,153017,extendedconfirmed, infinity,117508,170,18,16,1351,2168,0,0,15
57896178,1948 Palestinian expulsion from Lydda and Ramle,693,extendedconfirmed, infinity,75,154,41,0,0,1,0,0,
181696,1949 Armistice Agreements,438661,extendedconfirmed, infinity,44592,121,17,12,2840,506,1,1,14
43394456,1950-1951 Baghdad bombings,3079,extendedconfirmed, infinity,59060,66,9,7,487,532,0,0,11
64017465,1950-51 Baghdad bombings,769,extendedconfirmed, infinity,89,62,21,0,58,1,0,0,3
17797986,1952 raid on Beit Jala,5428,extendedconfirmed, infinity,7470,37,2,9,41,368,0,0,2
11172310,1967 Oil Embargo,107138,extendedconfirmed, infinity,5846,Fewer than 30 watchers,,1,170,70,0,0,
11591980,1967 Palestinian exodus,75466,extendedconfirmed, infinity,5267,39,6,0,522,106,0,0,5
61244590,1972 Israeli Bangkok Embassy hostage crisis,22055,extendedconfirmed, infinity,69,Fewer than 30 watchers,,0,186,1,0,0,
1856025,1973 Israeli raid on Lebanon,306947,extendedconfirmed, infinity,11924,151,11,2,4602,318,1,1,3
244180,1973 oil crisis,3354167,extendedconfirmed, infinity,75506,360,33,24,22566,2882,2,2,23
1088850,1978 South Lebanon conflict,234093,extendedconfirmed, infinity,20330,157,7,7,1976,521,5,2,7
18821771,1979 Nahariya attack,77791,extendedconfirmed, infinity,20802,45,3,4,548,297,1,1,10
181820,1982 Lebanon War,1555015,extendedconfirmed, infinity,137799,305,16,31,16215,2795,3,3,23
458649,1985 Rome and Vienna airport attacks,101275,extendedconfirmed, infinity,10216,34,6,5,783,191,0,0,3
19492436,1990 Temple Mount riots,57659,extendedconfirmed, infinity,19023,60,5,3,327,329,0,0,5
64673036,1991 Iraqi rocket attacks on Israel,16270,extendedconfirmed, infinity,8783,Fewer than 30 watchers,,0,2693,49,2,2,5
11020994,1992 Israeli legislative election,72697,extendedconfirmed, infinity,12933,Fewer than 30 watchers,,2,812,126,5,1,3
433761,1992 attack on Israeli embassy in Buenos Aires,122245,extendedconfirmed, infinity,11054,96,6,9,981,323,0,0,15
693391,1994 London Israeli Embassy bombing,33299,extendedconfirmed, infinity,13569,77,5,12,440,204,2,2,7
31203225,1997 Mahane Yehuda Market bombings,21923,extendedconfirmed, infinity,4462,30,6,1,141,116,4,2,
182771,2000 Camp David Summit,467192,extendedconfirmed, infinity,47718,116,8,12,3363,1034,0,0,9
2985745,2000 Ramallah lynching,214275,extendedconfirmed, infinity,26729,80,6,11,3263,544,1,1,4
62475250,2000-06 Shebaa Farms conflict,201,extendedconfirmed, infinity,94,95,21,0,79,1,0,0,3
7959095,2000-2006 Shebaa Farms conflict,6003,extendedconfirmed, infinity,15874,97,4,4,806,224,4,2,9
3874841,"""Polish death camp"" controversy",407727,extendedconfirmed, infinity,55464,143,15,15,2545,2028,3,1,13
17901024,'Azza,43094,extendedconfirmed, infinity,5574,Fewer than 30 watchers,,4,204,87,0,0,8
17626789,1929 Hebron massacre,402155,extendedconfirmed, infinity,46977,184,16,6,3519,1090,0,0,14
304601,1936-1939 Arab revolt in Palestine,7182,extendedconfirmed, infinity,130081,221,31,20,6980,1388,137,8,19
53706170,1936-39 Arab revolt in Palestine,5683,extendedconfirmed, infinity,67,171,43,0,1010,1,0,0,
58155879,1947-49 Palestine war,2328,extendedconfirmed, infinity,56,190,50,0,73,2,0,0,
51550220,1947 Jammu massacres,319698,extendedconfirmed, infinity,38928,39,7,2,5320,535,0,0,6
60098707,1947-1948 Civil War in Mandatory Palestine,19062,extendedconfirmed, infinity,75,204,44,0,426,1,0,0,
45137635,1947-1949 Palestine war,1043,extendedconfirmed, infinity,66246,258,40,28,10365,1139,7,2,11
59052047,1947-48 Civil War in Mandatory Palestine,9691,extendedconfirmed, infinity,75,198,35,0,1273,2,0,0,
36197,1948 Arab-Israeli War,295387,extendedconfirmed, infinity,187699,556,53,17,37450,6377,13,8,30
58254354,1948 Palestine war,588936,extendedconfirmed, infinity,56,191,51,0,1730,2,0,0,
25234737,1948 Palestinian exodus,1397589,extendedconfirmed, infinity,107195,449,46,9,10983,3840,8,6,19
22620057,1948 Palestinian exodus from Lydda and Ramle,153017,extendedconfirmed, infinity,117508,170,18,16,1351,2168,0,0,15
57896178,1948 Palestinian expulsion from Lydda and Ramle,693,extendedconfirmed, infinity,75,154,41,0,0,1,0,0,
181696,1949 Armistice Agreements,438661,extendedconfirmed, infinity,44592,121,17,12,2840,506,1,1,14
43394456,1950-1951 Baghdad bombings,3079,extendedconfirmed, infinity,59060,66,9,7,487,532,0,0,11
64017465,1950-51 Baghdad bombings,769,extendedconfirmed, infinity,89,62,21,0,58,1,0,0,3
17797986,1952 raid on Beit Jala,5428,extendedconfirmed, infinity,7470,37,2,9,41,368,0,0,2
11172310,1967 Oil Embargo,107138,extendedconfirmed, infinity,5846,Fewer than 30 watchers,,1,170,70,0,0,
11591980,1967 Palestinian exodus,75466,extendedconfirmed, infinity,5267,39,6,0,522,106,0,0,5
61244590,1972 Israeli Bangkok Embassy hostage crisis,22055,extendedconfirmed, infinity,69,Fewer than 30 watchers,,0,186,1,0,0,
1856025,1973 Israeli raid on Lebanon,306947,extendedconfirmed, infinity,11924,151,11,2,4602,318,1,1,3
244180,1973 oil crisis,3354167,extendedconfirmed, infinity,75506,360,33,24,22566,2882,2,2,23
1088850,1978 South Lebanon conflict,234093,extendedconfirmed, infinity,20330,157,7,7,1976,521,5,2,7
18821771,1979 Nahariya attack,77791,extendedconfirmed, infinity,20802,45,3,4,548,297,1,1,10
181820,1982 Lebanon War,1555015,extendedconfirmed, infinity,137799,305,16,31,16215,2795,3,3,23
458649,1985 Rome and Vienna airport attacks,101275,extendedconfirmed, infinity,10216,34,6,5,783,191,0,0,3
19492436,1990 Temple Mount riots,57659,extendedconfirmed, infinity,19023,60,5,3,327,329,0,0,5
64673036,1991 Iraqi rocket attacks on Israel,16270,extendedconfirmed, infinity,8783,Fewer than 30 watchers,,0,2693,49,2,2,5
11020994,1992 Israeli legislative election,72697,extendedconfirmed, infinity,12933,Fewer than 30 watchers,,2,812,126,5,1,3
433761,1992 attack on Israeli embassy in Buenos Aires,122245,extendedconfirmed, infinity,11054,96,6,9,981,323,0,0,15
693391,1994 London Israeli Embassy bombing,33299,extendedconfirmed, infinity,13569,77,5,12,440,204,2,2,7
31203225,1997 Mahane Yehuda Market bombings,21923,extendedconfirmed, infinity,4462,30,6,1,141,116,4,2,
182771,2000 Camp David Summit,467192,extendedconfirmed, infinity,47718,116,8,12,3363,1034,0,0,9
2985745,2000 Ramallah lynching,214275,extendedconfirmed, infinity,26729,80,6,11,3263,544,1,1,4
62475250,2000-06 Shebaa Farms conflict,201,extendedconfirmed, infinity,94,95,21,0,79,1,0,0,3
7959095,2000-2006 Shebaa Farms conflict,6003,extendedconfirmed, infinity,15874,97,4,4,806,224,4,2,9
3874841,"""Polish death camp"" controversy",407727,extendedconfirmed, infinity,55464,143,15,15,2545,2028,3,1,13
17901024,'Azza,43094,extendedconfirmed, infinity,5574,Fewer than 30 watchers,,4,204,87,0,0,8
17626789,1929 Hebron massacre,402155,extendedconfirmed, infinity,46977,184,16,6,3519,1090,0,0,14
304601,1936-1939 Arab revolt in Palestine,7182,extendedconfirmed, infinity,130081,221,31,20,6980,1388,137,8,19
53706170,1936-39 Arab revolt in Palestine,5683,extendedconfirmed, infinity,67,171,43,0,1010,1,0,0,
58155879,1947-49 Palestine war,2328,extendedconfirmed, infinity,56,190,50,0,73,2,0,0,
51550220,1947 Jammu massacres,319698,extendedconfirmed, infinity,38928,39,7,2,5320,535,0,0,6
60098707,1947-1948 Civil War in Mandatory Palestine,19062,extendedconfirmed, infinity,75,204,44,0,426,1,0,0,
45137635,1947-1949 Palestine war,1043,extendedconfirmed, infinity,66246,258,40,28,10365,1139,7,2,11
59052047,1947-48 Civil War in Mandatory Palestine,9691,extendedconfirmed, infinity,75,198,35,0,1273,2,0,0,
36197,1948 Arab-Israeli War,295387,extendedconfirmed, infinity,187699,556,53,17,37450,6377,13,8,30
58254354,1948 Palestine war,588936,extendedconfirmed, infinity,56,191,51,0,1730,2,0,0,
25234737,1948 Palestinian exodus,1397589,extendedconfirmed, infinity,107195,449,46,9,10983,3840,8,6,19
22620057,1948 Palestinian exodus from Lydda and Ramle,153017,extendedconfirmed, infinity,117508,170,18,16,1351,2168,0,0,15
57896178,1948 Palestinian expulsion from Lydda and Ramle,693,extendedconfirmed, infinity,75,154,41,0,0,1,0,0,
181696,1949 Armistice Agreements,438661,extendedconfirmed, infinity,44592,121,17,12,2840,506,1,1,14
43394456,1950-1951 Baghdad bombings,3079,extendedconfirmed, infinity,59060,66,9,7,487,532,0,0,11
64017465,1950-51 Baghdad bombings,769,extendedconfirmed, infinity,89,62,21,0,58,1,0,0,3
17797986,1952 raid on Beit Jala,5428,extendedconfirmed, infinity,7470,37,2,9,41,368,0,0,2
11172310,1967 Oil Embargo,107138,extendedconfirmed, infinity,5846,Fewer than 30 watchers,,1,170,70,0,0,
11591980,1967 Palestinian exodus,75466,extendedconfirmed, infinity,5267,39,6,0,522,106,0,0,5
61244590,1972 Israeli Bangkok Embassy hostage crisis,22055,extendedconfirmed, infinity,69,Fewer than 30 watchers,,0,186,1,0,0,
1856025,1973 Israeli raid on Lebanon,306947,extendedconfirmed, infinity,11924,151,11,2,4602,318,1,1,3
244180,1973 oil crisis,3354167,extendedconfirmed, infinity,75506,360,33,24,22566,2882,2,2,23
1088850,1978 South Lebanon conflict,234093,extendedconfirmed, infinity,20330,157,7,7,1976,521,5,2,7
18821771,1979 Nahariya attack,77791,extendedconfirmed, infinity,20802,45,3,4,548,297,1,1,10
181820,1982 Lebanon War,1555015,extendedconfirmed, infinity,137799,305,16,31,16215,2795,3,3,23
458649,1985 Rome and Vienna airport attacks,101275,extendedconfirmed, infinity,10216,34,6,5,783,191,0,0,3
19492436,1990 Temple Mount riots,57659,extendedconfirmed, infinity,19023,60,5,3,327,329,0,0,5
64673036,1991 Iraqi rocket attacks on Israel,16270,extendedconfirmed, infinity,8783,Fewer than 30 watchers,,0,2693,49,2,2,5
11020994,1992 Israeli legislative election,72697,extendedconfirmed, infinity,12933,Fewer than 30 watchers,,2,812,126,5,1,3
433761,1992 attack on Israeli embassy in Buenos Aires,122245,extendedconfirmed, infinity,11054,96,6,9,981,323,0,0,15
693391,1994 London Israeli Embassy bombing,33299,extendedconfirmed, infinity,13569,77,5,12,440,204,2,2,7
31203225,1997 Mahane Yehuda Market bombings,21923,extendedconfirmed, infinity,4462,30,6,1,141,116,4,2,
182771,2000 Camp David Summit,467192,extendedconfirmed, infinity,47718,116,8,12,3363,1034,0,0,9
2985745,2000 Ramallah lynching,214275,extendedconfirmed, infinity,26729,80,6,11,3263,544,1,1,4
62475250,2000-06 Shebaa Farms conflict,201,extendedconfirmed, infinity,94,95,21,0,79,1,0,0,3
7959095,2000-2006 Shebaa Farms conflict,6003,extendedconfirmed, infinity,15874,97,4,4,806,224,4,2,9
3874841,"""Polish death camp"" controversy",407727,extendedconfirmed, infinity,55464,143,15,15,2545,2028,3,1,13
17901024,'Azza,43094,extendedconfirmed, infinity,5574,Fewer than 30 watchers,,4,204,87,0,0,8
17626789,1929 Hebron massacre,402155,extendedconfirmed, infinity,46977,184,16,6,3519,1090,0,0,14
304601,1936-1939 Arab revolt in Palestine,7182,extendedconfirmed, infinity,130081,221,31,20,6980,1388,137,8,19
53706170,1936-39 Arab revolt in Palestine,5683,extendedconfirmed, infinity,67,171,43,0,1010,1,0,0,
58155879,1947-49 Palestine war,2328,extendedconfirmed, infinity,56,190,50,0,73,2,0,0,
51550220,1947 Jammu massacres,319698,extendedconfirmed, infinity,38928,39,7,2,5320,535,0,0,6
60098707,1947-1948 Civil War in Mandatory Palestine,19062,extendedconfirmed, infinity,75,204,44,0,426,1,0,0,
45137635,1947-1949 Palestine war,1043,extendedconfirmed, infinity,66246,258,40,28,10365,1139,7,2,11
59052047,1947-48 Civil War in Mandatory Palestine,9691,extendedconfirmed, infinity,75,198,35,0,1273,2,0,0,
36197,1948 Arab-Israeli War,295387,extendedconfirmed, infinity,187699,556,53,17,37450,6377,13,8,30
58254354,1948 Palestine war,588936,extendedconfirmed, infinity,56,191,51,0,1730,2,0,0,
25234737,1948 Palestinian exodus,1397589,extendedconfirmed, infinity,107195,449,46,9,10983,3840,8,6,19
22620057,1948 Palestinian exodus from Lydda and Ramle,153017,extendedconfirmed, infinity,117508,170,18,16,1351,2168,0,0,15
57896178,1948 Palestinian expulsion from Lydda and Ramle,693,extendedconfirmed, infinity,75,154,41,0,0,1,0,0,
181696,1949 Armistice Agreements,438661,extendedconfirmed, infinity,44592,121,17,12,2840,506,1,1,14
43394456,1950-1951 Baghdad bombings,3079,extendedconfirmed, infinity,59060,66,9,7,487,532,0,0,11
64017465,1950-51 Baghdad bombings,769,extendedconfirmed, infinity,89,62,21,0,58,1,0,0,3
17797986,1952 raid on Beit Jala,5428,extendedconfirmed, infinity,7470,37,2,9,41,368,0,0,2
11172310,1967 Oil Embargo,107138,extendedconfirmed, infinity,5846,Fewer than 30 watchers,,1,170,70,0,0,
11591980,1967 Palestinian exodus,75466,extendedconfirmed, infinity,5267,39,6,0,522,106,0,0,5
61244590,1972 Israeli Bangkok Embassy hostage crisis,22055,extendedconfirmed, infinity,69,Fewer than 30 watchers,,0,186,1,0,0,
1856025,1973 Israeli raid on Lebanon,306947,extendedconfirmed, infinity,11924,151,11,2,4602,318,1,1,3
244180,1973 oil crisis,3354167,extendedconfirmed, infinity,75506,360,33,24,22566,2882,2,2,23
1088850,1978 South Lebanon conflict,234093,extendedconfirmed, infinity,20330,157,7,7,1976,521,5,2,7
18821771,1979 Nahariya attack,77791,extendedconfirmed, infinity,20802,45,3,4,548,297,1,1,10
181820,1982 Lebanon War,1555015,extendedconfirmed, infinity,137799,305,16,31,16215,2795,3,3,23
458649,1985 Rome and Vienna airport attacks,101275,extendedconfirmed, infinity,10216,34,6,5,783,191,0,0,3
19492436,1990 Temple Mount riots,57659,extendedconfirmed, infinity,19023,60,5,3,327,329,0,0,5
64673036,1991 Iraqi rocket attacks on Israel,16270,extendedconfirmed, infinity,8783,Fewer than 30 watchers,,0,2693,49,2,2,5
11020994,1992 Israeli legislative election,72697,extendedconfirmed, infinity,12933,Fewer than 30 watchers,,2,812,126,5,1,3
433761,1992 attack on Israeli embassy in Buenos Aires,122245,extendedconfirmed, infinity,11054,96,6,9,981,323,0,0,15
693391,1994 London Israeli Embassy bombing,33299,extendedconfirmed, infinity,13569,77,5,12,440,204,2,2,7
31203225,1997 Mahane Yehuda Market bombings,21923,extendedconfirmed, infinity,4462,30,6,1,141,116,4,2,
182771,2000 Camp David Summit,467192,extendedconfirmed, infinity,47718,116,8,12,3363,1034,0,0,9
2985745,2000 Ramallah lynching,214275,extendedconfirmed, infinity,26729,80,6,11,3263,544,1,1,4
62475250,2000-06 Shebaa Farms conflict,201,extendedconfirmed, infinity,94,95,21,0,79,1,0,0,3
7959095,2000-2006 Shebaa Farms conflict,6003,extendedconfirmed, infinity,15874,97,4,4,806,224,4,2,9
3874841,"""Polish death camp"" controversy",407727,extendedconfirmed, infinity,55464,143,15,15,2545,2028,3,1,13
17901024,'Azza,43094,extendedconfirmed, infinity,5574,Fewer than 30 watchers,,4,204,87,0,0,8
17626789,1929 Hebron massacre,402155,extendedconfirmed, infinity,46977,184,16,6,3519,1090,0,0,14
304601,1936-1939 Arab revolt in Palestine,7182,extendedconfirmed, infinity,130081,221,31,20,6980,1388,137,8,19
53706170,1936-39 Arab revolt in Palestine,5683,extendedconfirmed, infinity,67,171,43,0,1010,1,0,0,
58155879,1947-49 Palestine war,2328,extendedconfirmed, infinity,56,190,50,0,73,2,0,0,
51550220,1947 Jammu massacres,319698,extendedconfirmed, infinity,38928,39,7,2,5320,535,0,0,6
60098707,1947-1948 Civil War in Mandatory Palestine,19062,extendedconfirmed, infinity,75,204,44,0,426,1,0,0,
45137635,1947-1949 Palestine war,1043,extendedconfirmed, infinity,66246,258,40,28,10365,1139,7,2,11
59052047,1947-48 Civil War in Mandatory Palestine,9691,extendedconfirmed, infinity,75,198,35,0,1273,2,0,0,
36197,1948 Arab-Israeli War,295387,extendedconfirmed, infinity,187699,556,53,17,37450,6377,13,8,30
58254354,1948 Palestine war,588936,extendedconfirmed, infinity,56,191,51,0,1730,2,0,0,
25234737,1948 Palestinian exodus,1397589,extendedconfirmed, infinity,107195,449,46,9,10983,3840,8,6,19
22620057,1948 Palestinian exodus from Lydda and Ramle,153017,extendedconfirmed, infinity,117508,170,18,16,1351,2168,0,0,15
57896178,1948 Palestinian expulsion from Lydda and Ramle,693,extendedconfirmed, infinity,75,154,41,0,0,1,0,0,
181696,1949 Armistice Agreements,438661,extendedconfirmed, infinity,44592,121,17,12,2840,506,1,1,14
43394456,1950-1951 Baghdad bombings,3079,extendedconfirmed, infinity,59060,66,9,7,487,532,0,0,11
64017465,1950-51 Baghdad bombings,769,extendedconfirmed, infinity,89,62,21,0,58,1,0,0,3
17797986,1952 raid on Beit Jala,5428,extendedconfirmed, infinity,7470,37,2,9,41,368,0,0,2
11172310,1967 Oil Embargo,107138,extendedconfirmed, infinity,5846,Fewer than 30 watchers,,1,170,70,0,0,
11591980,1967 Palestinian exodus,75466,extendedconfirmed, infinity,5267,39,6,0,522,106,0,0,5
61244590,1972 Israeli Bangkok Embassy hostage crisis,22055,extendedconfirmed, infinity,69,Fewer than 30 watchers,,0,186,1,0,0,
1856025,1973 Israeli raid on Lebanon,306947,extendedconfirmed, infinity,11924,151,11,2,4602,318,1,1,3
244180,1973 oil crisis,3354167,extendedconfirmed, infinity,75506,360,33,24,22566,2882,2,2,23
1088850,1978 South Lebanon conflict,234093,extendedconfirmed, infinity,20330,157,7,7,1976,521,5,2,7
18821771,1979 Nahariya attack,77791,extendedconfirmed, infinity,20802,45,3,4,548,297,1,1,10
181820,1982 Lebanon War,1555015,extendedconfirmed, infinity,137799,305,16,31,16215,2795,3,3,23
458649,1985 Rome and Vienna airport attacks,101275,extendedconfirmed, infinity,10216,34,6,5,783,191,0,0,3
19492436,1990 Temple Mount riots,57659,extendedconfirmed, infinity,19023,60,5,3,327,329,0,0,5
64673036,1991 Iraqi rocket attacks on Israel,16270,extendedconfirmed, infinity,8783,Fewer than 30 watchers,,0,2693,49,2,2,5
11020994,1992 Israeli legislative election,72697,extendedconfirmed, infinity,12933,Fewer than 30 watchers,,2,812,126,5,1,3
433761,1992 attack on Israeli embassy in Buenos Aires,122245,extendedconfirmed, infinity,11054,96,6,9,981,323,0,0,15
693391,1994 London Israeli Embassy bombing,33299,extendedconfirmed, infinity,13569,77,5,12,440,204,2,2,7
31203225,1997 Mahane Yehuda Market bombings,21923,extendedconfirmed, infinity,4462,30,6,1,141,116,4,2,
182771,2000 Camp David Summit,467192,extendedconfirmed, infinity,47718,116,8,12,3363,1034,0,0,9
2985745,2000 Ramallah lynching,214275,extendedconfirmed, infinity,26729,80,6,11,3263,544,1,1,4
62475250,2000-06 Shebaa Farms conflict,201,extendedconfirmed, infinity,94,95,21,0,79,1,0,0,3
7959095,2000-2006 Shebaa Farms conflict,6003,extendedconfirmed, infinity,15874,97,4,4,806,224,4,2,9
3874841,"""Polish death camp"" controversy",407727,extendedconfirmed, infinity,55464,143,15,15,2545,2028,3,1,13
17901024,'Azza,43094,extendedconfirmed, infinity,5574,Fewer than 30 watchers,,4,204,87,0,0,8
17626789,1929 Hebron massacre,402155,extendedconfirmed, infinity,46977,184,16,6,3519,1090,0,0,14
304601,1936-1939 Arab revolt in Palestine,7182,extendedconfirmed, infinity,130081,221,31,20,6980,1388,137,8,19
53706170,1936-39 Arab revolt in Palestine,5683,extendedconfirmed, infinity,67,171,43,0,1010,1,0,0,
58155879,1947-49 Palestine war,2328,extendedconfirmed, infinity,56,190,50,0,73,2,0,0,
51550220,1947 Jammu massacres,319698,extendedconfirmed, infinity,38928,39,7,2,5320,535,0,0,6
60098707,1947-1948 Civil War in Mandatory Palestine,19062,extendedconfirmed, infinity,75,204,44,0,426,1,0,0,
45137635,1947-1949 Palestine war,1043,extendedconfirmed, infinity,66246,258,40,28,10365,1139,7,2,11
59052047,1947-48 Civil War in Mandatory Palestine,9691,extendedconfirmed, infinity,75,198,35,0,1273,2,0,0,
36197,1948 Arab-Israeli War,295387,extendedconfirmed, infinity,187699,556,53,17,37450,6377,13,8,30
58254354,1948 Palestine war,588936,extendedconfirmed, infinity,56,191,51,0,1730,2,0,0,
25234737,1948 Palestinian exodus,1397589,extendedconfirmed, infinity,107195,449,46,9,10983,3840,8,6,19
22620057,1948 Palestinian exodus from Lydda and Ramle,153017,extendedconfirmed, infinity,117508,170,18,16,1351,2168,0,0,15
57896178,1948 Palestinian expulsion from Lydda and Ramle,693,extendedconfirmed, infinity,75,154,41,0,0,1,0,0,
181696,1949 Armistice Agreements,438661,extendedconfirmed, infinity,44592,121,17,12,2840,506,1,1,14
43394456,1950-1951 Baghdad bombings,3079,extendedconfirmed, infinity,59060,66,9,7,487,532,0,0,11
64017465,1950-51 Baghdad bombings,769,extendedconfirmed, infinity,89,62,21,0,58,1,0,0,3
17797986,1952 raid on Beit Jala,5428,extendedconfirmed, infinity,7470,37,2,9,41,368,0,0,2
11172310,1967 Oil Embargo,107138,extendedconfirmed, infinity,5846,Fewer than 30 watchers,,1,170,70,0,0,
11591980,1967 Palestinian exodus,75466,extendedconfirmed, infinity,5267,39,6,0,522,106,0,0,5
61244590,1972 Israeli Bangkok Embassy hostage crisis,22055,extendedconfirmed, infinity,69,Fewer than 30 watchers,,0,186,1,0,0,
1856025,1973 Israeli raid on Lebanon,306947,extendedconfirmed, infinity,11924,151,11,2,4602,318,1,1,3
244180,1973 oil crisis,3354167,extendedconfirmed, infinity,75506,360,33,24,22566,2882,2,2,23
1088850,1978 South Lebanon conflict,234093,extendedconfirmed, infinity,20330,157,7,7,1976,521,5,2,7
18821771,1979 Nahariya attack,77791,extendedconfirmed, infinity,20802,45,3,4,548,297,1,1,10
181820,1982 Lebanon War,1555015,extendedconfirmed, infinity,137799,305,16,31,16215,2795,3,3,23
458649,1985 Rome and Vienna airport attacks,101275,extendedconfirmed, infinity,10216,34,6,5,783,191,0,0,3
19492436,1990 Temple Mount riots,57659,extendedconfirmed, infinity,19023,60,5,3,327,329,0,0,5
64673036,1991 Iraqi rocket attacks on Israel,16270,extendedconfirmed, infinity,8783,Fewer than 30 watchers,,0,2693,49,2,2,5
11020994,1992 Israeli legislative election,72697,extendedconfirmed, infinity,12933,Fewer than 30 watchers,,2,812,126,5,1,3
433761,1992 attack on Israeli embassy in Buenos Aires,122245,extendedconfirmed, infinity,11054,96,6,9,981,323,0,0,15
693391,1994 London Israeli Embassy bombing,33299,extendedconfirmed, infinity,13569,77,5,12,440,204,2,2,7
31203225,1997 Mahane Yehuda Market bombings,21923,extendedconfirmed, infinity,4462,30,6,1,141,116,4,2,
182771,2000 Camp David Summit,467192,extendedconfirmed, infinity,47718,116,8,12,3363,1034,0,0,9
2985745,2000 Ramallah lynching,214275,extendedconfirmed, infinity,26729,80,6,11,3263,544,1,1,4
62475250,2000-06 Shebaa Farms conflict,201,extendedconfirmed, infinity,94,95,21,0,79,1,0,0,3
7959095,2000-2006 Shebaa Farms conflict,6003,extendedconfirmed, infinity,15874,97,4,4,806,224,4,2,9
19492436,1990 Temple Mount riots,57659,extendedconfirmed, infinity,19023,60,5,3,327,329,0,0,5
64673036,1991 Iraqi rocket attacks on Israel,16270,extendedconfirmed, infinity,8783,Fewer than 30 watchers,,0,2693,49,2,2,5
11020994,1992 Israeli legislative election,72697,extendedconfirmed, infinity,12933,Fewer than 30 watchers,,2,812,126,5,1,3
433761,1992 attack on Israeli embassy in Buenos Aires,122245,extendedconfirmed, infinity,11054,96,6,9,981,323,0,0,15
693391,1994 London Israeli Embassy bombing,33299,extendedconfirmed, infinity,13569,77,5,12,440,204,2,2,7
31203225,1997 Mahane Yehuda Market bombings,21923,extendedconfirmed, infinity,4462,30,6,1,141,116,4,2,
